Month,Coconut Oil Price,Coconut Oil Price Change,Olive Oil Price,Olive Oil Price Change,Palm Kernel Oil Price,Palm Kernel Oil Price Change,Palm Oil Price,Palm Oil Price Change,Peanut Oil Price,Peanut Oil Price Change,Rapeseed Oil Price,Rapeseed Oil Price Change,Soybean Oil Price,Soybean Oil Price Change,Sunflower Oil Price,Sunflower Oil Price Change
Aug 1992,494.00,-,"3,490.25",-,,,382.00,-,600.00,-,,,409.00,-,,
Sep 1992,501.00,1.42%,"3,342.78",-4.23%,,,391.00,2.36%,562.00,-6.33%,,,421.00,2.93%,,
Oct 1992,493.00,-1.60%,"2,986.24",-10.67%,,,396.00,1.28%,565.00,0.53%,,,418.00,-0.71%,,
Nov 1992,496.00,0.61%,"2,747.90",-7.98%,,,413.00,4.29%,575.00,1.77%,,,437.00,4.55%,,
Dec 1992,461.00,-7.06%,"2,793.15",1.65%,,,401.00,-2.91%,622.00,8.17%,,,436.00,-0.23%,,
Jan 1993,444.00,-3.69%,"2,757.83",-1.26%,,,410.00,2.24%,621.00,-0.16%,,,444.00,1.83%,,
Feb 1993,439.00,-1.13%,"2,587.66",-6.17%,,,425.00,3.66%,611.00,-1.61%,,,433.00,-2.48%,,
Mar 1993,427.00,-2.73%,"2,628.83",1.59%,,,408.00,-4.00%,602.00,-1.47%,,,438.00,1.15%,,
Apr 1993,402.00,-5.85%,"2,783.90",5.90%,,,392.00,-3.92%,623.00,3.49%,,,448.00,2.28%,,
May 1993,418.00,3.98%,"2,787.13",0.12%,,,371.00,-5.36%,685.00,9.95%,,,448.00,0.00%,,
Jun 1993,436.00,4.31%,"2,721.53",-2.35%,,,356.00,-4.04%,712.00,3.94%,,,461.00,2.90%,,
Jul 1993,460.00,5.50%,"2,694.24",-1.00%,,,362.00,1.69%,773.00,8.57%,,,505.00,9.54%,,
Aug 1993,455.00,-1.09%,"2,685.46",-0.33%,,,356.00,-1.66%,858.00,11.00%,,,483.00,-4.36%,,
Sep 1993,424.00,-6.81%,"2,743.60",2.16%,,,352.00,-1.12%,845.00,-1.52%,,,489.00,1.24%,,
Oct 1993,419.00,-1.18%,"2,706.44",-1.35%,,,333.00,-5.40%,807.00,-4.50%,,,491.00,0.41%,,
Nov 1993,464.00,10.74%,"2,665.22",-1.52%,,,357.00,7.21%,808.00,0.12%,,,536.00,9.16%,,
Dec 1993,615.00,32.54%,"2,681.78",0.62%,,,411.00,15.13%,924.00,14.36%,,,589.00,9.89%,,
Jan 1994,595.00,-3.25%,"2,686.82",0.19%,,,404.00,-1.70%,993.00,7.47%,,,602.00,2.21%,,
Feb 1994,573.00,-3.70%,"2,661.50",-0.94%,,,387.00,-4.21%,"1,011.00",1.81%,,,577.00,-4.15%,,
Mar 1994,539.00,-5.93%,"2,683.40",0.82%,,,395.00,2.07%,"1,013.00",0.20%,,,586.00,1.56%,,
Apr 1994,560.00,3.90%,"2,668.77",-0.55%,,,434.00,9.87%,"1,030.00",1.68%,,,584.00,-0.34%,,
May 1994,599.00,6.96%,"2,705.24",1.37%,,,488.00,12.44%,"1,020.00",-0.97%,,,594.00,1.71%,,
Jun 1994,608.00,1.50%,"2,744.46",1.45%,,,508.00,4.10%,"1,014.00",-0.59%,,,571.00,-3.87%,,
Jul 1994,579.00,-4.77%,"3,553.91",29.49%,,,494.00,-2.76%,"1,017.00",0.30%,,,560.00,-1.93%,,
Aug 1994,596.00,2.94%,"3,548.05",-0.16%,,,575.00,16.40%,"1,018.00",0.10%,,,600.00,7.14%,,
Sep 1994,622.00,4.36%,"3,596.26",1.36%,,,614.00,6.78%,"1,018.00",0.00%,,,672.00,12.00%,,
Oct 1994,621.00,-0.16%,"3,694.03",2.72%,,,616.00,0.33%,"1,029.00",1.08%,,,642.00,-4.46%,,
Nov 1994,706.00,13.69%,"3,656.24",-1.02%,,,707.00,14.77%,"1,048.00",1.85%,,,706.00,9.97%,,
Dec 1994,692.00,-1.98%,"3,587.45",-1.88%,,,719.00,1.70%,"1,062.00",1.34%,,,693.00,-1.84%,,
Jan 1995,622.00,-10.12%,"3,622.27",0.97%,,,655.00,-8.90%,"1,054.00",-0.75%,,,674.00,-2.74%,,
Feb 1995,636.00,2.25%,"3,772.18",4.14%,,,661.00,0.92%,"1,025.00",-2.75%,,,663.00,-1.63%,,
Mar 1995,632.00,-0.63%,"4,161.09",10.31%,,,687.00,3.93%,990.00,-3.41%,,,652.00,-1.66%,,
Apr 1995,619.00,-2.06%,"4,503.83",8.24%,,,625.00,-9.02%,981.00,-0.91%,,,610.00,-6.44%,,
May 1995,616.00,-0.48%,"4,446.18",-1.28%,,,611.00,-2.24%,973.00,-0.82%,,,595.00,-2.46%,,
Jun 1995,668.00,8.44%,"4,465.47",0.43%,,,631.00,3.27%,965.00,-0.82%,,,611.00,2.69%,,
Jul 1995,693.00,3.74%,"4,624.57",3.56%,,,655.00,3.80%,969.00,0.41%,,,626.00,2.45%,,
Aug 1995,686.00,-1.01%,"4,591.11",-0.72%,,,616.00,-5.95%,980.00,1.14%,,,616.00,-1.60%,,
Sep 1995,677.00,-1.31%,"4,749.52",3.45%,,,586.00,-4.87%,981.00,0.10%,,,614.00,-0.32%,,
Oct 1995,718.00,6.06%,"4,973.13",4.71%,,,615.00,4.95%,990.00,0.92%,,,638.00,3.91%,,
Nov 1995,750.00,4.46%,"5,082.29",2.20%,,,607.00,-1.30%,995.00,0.51%,,,623.00,-2.35%,,
Dec 1995,718.00,-4.27%,"5,002.53",-1.57%,,,590.00,-2.80%,988.00,-0.70%,,,579.00,-7.06%,,
Jan 1996,711.00,-0.97%,"5,509.12",10.13%,686.00,-,535.00,-9.32%,959.00,-2.94%,,,554.00,-4.32%,,
Feb 1996,738.00,3.80%,"6,067.63",10.14%,716.00,4.37%,518.00,-3.18%,925.00,-3.55%,,,548.00,-1.08%,,
Mar 1996,723.00,-2.03%,"6,032.36",-0.58%,715.00,-0.14%,519.00,0.19%,911.00,-1.51%,,,538.00,-1.82%,,
Apr 1996,756.00,4.56%,"5,909.79",-2.03%,755.00,5.59%,562.00,8.29%,895.00,-1.76%,,,582.00,8.18%,,
May 1996,778.00,2.91%,"5,906.63",-0.05%,775.00,2.65%,552.00,-1.78%,897.00,0.22%,,,591.00,1.55%,,
Jun 1996,816.00,4.88%,"6,014.78",1.83%,762.00,-1.68%,508.00,-7.97%,904.00,0.78%,,,563.00,-4.74%,,
Jul 1996,775.00,-5.02%,"5,903.83",-1.84%,734.00,-3.67%,476.00,-6.30%,902.00,-0.22%,,,549.00,-2.49%,,
Aug 1996,742.00,-4.26%,"5,811.23",-1.57%,725.00,-1.23%,513.00,7.77%,885.00,-1.88%,,,565.00,2.91%,,
Sep 1996,721.00,-2.83%,"5,925.11",1.96%,707.00,-2.48%,545.00,6.24%,879.00,-0.68%,,,569.00,0.71%,,
Oct 1996,722.00,0.14%,"6,023.87",1.67%,693.00,-1.98%,532.00,-2.39%,874.00,-0.57%,,,528.00,-7.21%,,
Nov 1996,760.00,5.26%,"6,235.91",3.52%,721.00,4.04%,550.00,3.38%,868.00,-0.69%,,,517.00,-2.08%,,
Dec 1996,777.00,2.24%,"6,241.91",0.10%,747.00,3.61%,561.00,2.00%,868.00,0.00%,,,514.00,-0.58%,,
Jan 1997,768.00,-1.16%,"6,225.94",-0.26%,754.00,0.94%,567.00,1.07%,874.00,0.69%,,,534.00,3.89%,,
Feb 1997,768.00,0.00%,"5,202.66",-16.44%,757.00,0.40%,580.00,2.29%,886.00,1.37%,,,527.00,-1.31%,,
Mar 1997,737.00,-4.04%,"4,815.96",-7.43%,730.00,-3.57%,559.00,-3.62%,896.00,1.13%,,,541.00,2.66%,,
Apr 1997,710.00,-3.66%,"4,235.24",-12.06%,705.00,-3.42%,562.00,0.54%,938.00,4.69%,,,541.00,0.00%,,
May 1997,654.00,-7.89%,"4,246.53",0.27%,668.00,-5.25%,553.00,-1.60%,981.00,4.58%,,,541.00,0.00%,,
Jun 1997,637.00,-2.60%,"3,452.36",-18.70%,635.00,-4.94%,533.00,-3.62%,"1,047.00",6.73%,,,550.00,1.66%,,
Jul 1997,597.00,-6.28%,"3,760.36",8.92%,594.00,-6.46%,498.00,-6.57%,"1,096.00",4.68%,,,535.00,-2.73%,,
Aug 1997,567.00,-5.03%,"3,607.56",-4.06%,556.00,-6.40%,504.00,1.20%,"1,093.00",-0.27%,,,544.00,1.68%,,
Sep 1997,615.00,8.47%,"3,839.11",6.42%,603.00,8.45%,525.00,4.17%,"1,083.00",-0.91%,,,555.00,2.02%,,
Oct 1997,627.00,1.95%,"3,914.95",1.98%,619.00,2.65%,547.00,4.19%,"1,083.00",0.00%,,,611.00,10.09%,,
Nov 1997,616.00,-1.75%,"3,881.83",-0.85%,611.00,-1.29%,556.00,1.65%,"1,090.00",0.65%,,,676.00,10.64%,,
Dec 1997,586.00,-4.87%,"3,655.30",-5.84%,590.00,-3.44%,566.00,1.80%,"1,058.00",-2.94%,,,622.00,-7.99%,,
Jan 1998,558.00,-4.78%,"3,475.10",-4.93%,590.00,0.00%,621.00,9.72%,"1,055.00",-0.28%,,,625.00,0.48%,,
Feb 1998,559.00,0.18%,"3,164.00",-8.95%,620.00,5.08%,659.00,6.12%,"1,029.00",-2.46%,,,634.00,1.44%,,
Mar 1998,578.00,3.40%,"3,106.16",-1.83%,605.00,-2.42%,671.00,1.82%,949.00,-7.77%,,,652.00,2.84%,,
Apr 1998,618.00,6.92%,"3,093.11",-0.42%,643.00,6.28%,688.00,2.53%,928.00,-2.21%,,,662.00,1.53%,,
May 1998,723.00,16.99%,"3,160.63",2.18%,776.00,20.68%,705.00,2.47%,900.00,-3.02%,,,671.00,1.36%,,
Jun 1998,652.00,-9.82%,"3,184.11",0.74%,700.00,-9.79%,633.00,-10.21%,891.00,-1.00%,,,629.00,-6.26%,,
Jul 1998,667.00,2.30%,"3,172.03",-0.38%,694.00,-0.86%,661.00,4.42%,874.00,-1.91%,,,612.00,-2.70%,,
Aug 1998,667.00,0.00%,"3,148.39",-0.75%,692.00,-0.29%,674.00,1.97%,862.00,-1.37%,,,592.00,-3.27%,,
Sep 1998,652.00,-2.25%,"3,293.41",4.61%,697.00,0.72%,703.00,4.30%,852.00,-1.16%,,,615.00,3.89%,,
Oct 1998,695.00,6.60%,"3,346.80",1.62%,714.00,2.44%,694.00,-1.28%,850.00,-0.23%,,,614.00,-0.16%,,
Nov 1998,752.00,8.20%,"3,281.72",-1.94%,746.00,4.48%,681.00,-1.87%,862.00,1.41%,,,614.00,0.00%,,
Dec 1998,774.00,2.93%,"3,299.12",0.53%,763.00,2.28%,663.00,-2.64%,861.00,-0.12%,,,591.00,-3.75%,,
Jan 1999,763.00,-1.42%,"3,260.92",-1.16%,744.00,-2.49%,632.00,-4.68%,952.71,10.65%,,,541.63,-8.35%,,
Feb 1999,745.00,-2.36%,"3,216.03",-1.38%,709.00,-4.70%,561.00,-11.23%,889.57,-6.63%,,,482.36,-10.94%,,
Mar 1999,700.00,-6.04%,"3,767.08",17.13%,661.00,-6.77%,497.00,-11.41%,752.45,-15.41%,,,444.36,-7.88%,,
Apr 1999,827.00,18.14%,"3,824.25",1.52%,776.00,17.40%,509.00,2.41%,663.89,-11.77%,,,442.68,-0.38%,,
May 1999,874.00,5.68%,"3,876.89",1.38%,755.00,-2.71%,475.00,-6.68%,762.17,14.80%,,,421.50,-4.78%,,
Jun 1999,796.00,-8.92%,"3,829.73",-1.22%,656.00,-13.11%,392.00,-17.47%,836.25,9.72%,,,405.88,-3.71%,,
Jul 1999,656.00,-17.59%,"3,658.97",-4.46%,571.00,-12.96%,319.00,-18.62%,859.80,2.82%,,,391.40,-3.57%,,
Aug 1999,684.00,4.27%,"3,736.30",2.11%,689.00,20.67%,354.00,10.97%,849.78,-1.17%,,,412.37,5.36%,,
Sep 1999,704.00,2.92%,"3,773.36",0.99%,710.00,3.05%,388.00,9.60%,848.78,-0.12%,,,413.93,0.38%,,
Oct 1999,690.00,-1.99%,"3,852.53",2.10%,684.00,-3.66%,381.00,-1.80%,888.15,4.64%,,,399.53,-3.48%,,
Nov 1999,703.00,1.88%,"3,709.49",-3.71%,693.00,1.32%,370.00,-2.89%,924.94,4.14%,,,387.31,-3.06%,,
Dec 1999,703.00,0.00%,"3,299.71",-11.05%,681.00,-1.73%,354.00,-4.32%,765.61,-17.23%,,,374.67,-3.26%,,
Jan 2000,654.00,-6.97%,"3,553.80",7.70%,628.00,-7.78%,348.00,-1.69%,676.08,-11.69%,,,369.79,-1.30%,,
Feb 2000,591.00,-9.63%,"3,488.13",-1.85%,580.00,-7.64%,332.00,-4.60%,687.63,1.71%,,,357.94,-3.20%,,
Mar 2000,552.00,-6.60%,"3,443.88",-1.27%,556.00,-4.14%,349.00,5.12%,733.28,6.64%,,,363.49,1.55%,,
Apr 2000,550.00,-0.36%,"3,404.10",-1.16%,557.00,0.18%,372.00,6.59%,789.81,7.71%,,,366.24,0.76%,,
May 2000,481.00,-12.55%,"3,243.64",-4.71%,483.00,-13.29%,324.00,-12.90%,793.66,0.49%,,,337.97,-7.72%,,
Jun 2000,437.00,-9.15%,"2,970.88",-8.41%,436.00,-9.73%,315.00,-2.78%,783.14,-1.33%,,,330.17,-2.31%,,
Jul 2000,400.00,-8.47%,"2,669.99",-10.13%,401.00,-8.03%,312.00,-0.95%,771.62,-1.47%,,,339.30,2.77%,,
Aug 2000,371.00,-7.25%,"2,666.90",-0.12%,366.00,-8.73%,306.00,-1.92%,754.36,-2.24%,,,328.92,-3.06%,,
Sep 2000,332.00,-10.51%,"2,567.81",-3.72%,326.00,-10.93%,288.00,-5.88%,760.59,0.83%,,,312.49,-5.00%,,
Oct 2000,340.00,2.41%,"2,598.36",1.19%,318.00,-2.45%,255.00,-11.46%,754.58,-0.79%,,,314.02,0.49%,,
Nov 2000,367.00,7.94%,"2,552.18",-1.78%,354.00,11.32%,257.00,0.78%,769.61,1.99%,,,316.78,0.88%,,
Dec 2000,329.00,-10.35%,"2,601.72",1.94%,317.00,-10.45%,265.00,3.11%,806.79,4.83%,,,320.57,1.20%,,
Jan 2001,319.00,-3.04%,"2,624.08",0.86%,304.00,-4.10%,254.00,-4.15%,815.71,1.11%,,,304.81,-4.92%,,
Feb 2001,285.00,-10.66%,"2,552.27",-2.74%,269.00,-11.51%,240.00,-5.51%,811.08,-0.57%,,,303.78,-0.34%,,
Mar 2001,289.00,1.40%,"2,565.32",0.51%,278.00,3.35%,254.00,5.83%,780.64,-3.75%,,,327.63,7.85%,,
Apr 2001,293.00,1.38%,"2,597.95",1.27%,281.00,1.08%,251.00,-1.18%,744.85,-4.58%,,,326.01,-0.49%,,
May 2001,295.00,0.68%,"2,581.68",-0.63%,292.00,3.91%,234.00,-6.77%,727.53,-2.33%,,,295.17,-9.46%,,
Jun 2001,317.00,7.46%,"2,536.49",-1.75%,312.00,6.85%,255.00,8.97%,727.53,0.00%,,,286.89,-2.81%,,
Jul 2001,358.00,12.93%,"2,559.12",0.89%,352.00,12.82%,330.00,29.41%,723.02,-0.62%,,,421.36,46.87%,,
Aug 2001,363.00,1.40%,"2,626.91",2.65%,350.00,-0.57%,362.00,9.70%,738.07,2.08%,,,427.49,1.45%,,
Sep 2001,322.00,-11.29%,"2,736.64",4.18%,316.00,-9.71%,310.00,-14.36%,749.57,1.56%,,,385.09,-9.92%,,
Oct 2001,307.00,-4.66%,"2,842.81",3.88%,281.65,-10.87%,277.00,-10.65%,761.60,1.60%,,,373.03,-3.13%,,
Nov 2001,330.00,7.49%,"2,936.19",3.28%,318.77,13.18%,323.00,16.61%,759.59,-0.26%,,,390.69,4.73%,,
Dec 2001,339.00,2.73%,"2,847.84",-3.01%,309.19,-3.01%,359.50,11.30%,771.62,1.58%,,,396.87,1.58%,,
Jan 2002,362.00,6.78%,"2,788.69",-2.08%,328.57,6.27%,373.80,3.98%,684.39,-11.30%,,,389.18,-1.94%,,
Feb 2002,376.00,3.87%,"2,774.94",-0.49%,356.00,8.35%,352.98,-5.57%,617.29,-9.80%,423.45,-,364.92,-6.23%,578.00,-
Mar 2002,366.00,-2.66%,"2,795.62",0.75%,353.24,-0.78%,359.00,1.71%,598.92,-2.98%,415.85,-1.79%,359.21,-1.56%,557.00,-3.63%
Apr 2002,411.00,12.30%,"2,814.34",0.67%,405.00,14.65%,360.07,0.30%,590.24,-1.45%,410.77,-1.22%,370.86,3.24%,552.00,-0.90%
May 2002,420.00,2.19%,"2,820.98",0.24%,418.30,3.28%,384.91,6.90%,599.56,1.58%,414.82,0.99%,399.89,7.83%,574.00,3.99%
Jun 2002,446.00,6.19%,"2,834.26",0.47%,439.00,4.95%,426.13,10.71%,645.95,7.74%,451.04,8.73%,456.81,14.23%,595.00,3.66%
Jul 2002,445.00,-0.22%,"2,981.64",5.20%,432.61,-1.46%,422.22,-0.92%,704.52,9.07%,477.29,5.82%,489.63,7.18%,,
Aug 2002,443.00,-0.45%,"2,957.09",-0.82%,433.36,0.17%,446.09,5.65%,758.59,7.67%,521.14,9.19%,502.75,2.68%,610.00,2.52%
Sep 2002,410.00,-7.45%,"3,000.22",1.46%,414.57,-4.34%,424.76,-4.78%,794.71,4.76%,525.01,0.74%,505.67,0.58%,,
Oct 2002,434.00,5.85%,"2,987.84",-0.41%,423.09,2.06%,427.24,0.58%,816.19,2.70%,539.31,2.72%,528.57,4.53%,,
Nov 2002,457.00,5.30%,"3,012.77",0.83%,456.48,7.89%,465.02,8.84%,870.83,6.69%,593.04,9.96%,582.00,10.11%,,
Dec 2002,482.00,5.47%,"3,037.73",0.83%,489.95,7.33%,488.52,5.05%,952.00,9.32%,616.49,3.95%,591.03,1.55%,,
Jan 2003,494.00,2.49%,"3,257.01",7.22%,491.65,0.35%,486.11,-0.49%,970.03,1.89%,623.72,1.17%,540.72,-8.51%,612.00,0.33%
Feb 2003,477.00,-3.44%,"3,395.19",4.24%,472.75,-3.84%,476.95,-1.88%,"1,016.45",4.79%,585.76,-6.09%,522.43,-3.38%,595.00,-2.78%
Mar 2003,441.00,-7.55%,"3,482.40",2.57%,429.14,-9.22%,453.55,-4.91%,"1,039.32",2.25%,551.92,-5.78%,522.52,0.02%,565.00,-5.04%
Apr 2003,421.00,-4.54%,"3,463.60",-0.54%,395.23,-7.90%,443.02,-2.32%,"1,064.23",2.40%,557.22,0.96%,540.90,3.52%,578.00,2.30%
May 2003,440.00,4.51%,"3,570.42",3.08%,409.23,3.54%,453.82,2.44%,"1,147.41",7.82%,607.17,8.96%,549.24,1.54%,595.00,2.94%
Jun 2003,459.00,4.32%,"3,820.14",6.99%,435.14,6.33%,466.21,2.73%,"1,234.59",7.60%,612.27,0.84%,545.85,-0.62%,609.00,2.35%
Jul 2003,439.00,-4.36%,"3,852.84",0.86%,414.65,-4.71%,457.72,-1.82%,"1,261.43",2.17%,582.56,-4.85%,531.41,-2.65%,575.00,-5.58%
Aug 2003,421.00,-4.10%,"3,823.97",-0.75%,401.48,-3.18%,439.36,-4.01%,"1,299.68",3.03%,553.48,-4.99%,515.69,-2.96%,543.00,-5.57%
Sep 2003,431.00,2.38%,"4,007.75",4.81%,429.27,6.92%,440.91,0.35%,"1,329.79",2.32%,564.09,1.92%,558.02,8.21%,545.00,0.37%
Oct 2003,487.00,12.99%,"4,224.25",5.40%,500.70,16.64%,515.07,16.82%,"1,359.20",2.21%,615.82,9.17%,608.26,9.00%,615.00,12.84%
Nov 2003,515.00,5.75%,"4,256.22",0.76%,521.75,4.20%,548.00,6.39%,"1,388.91",2.19%,620.32,0.73%,630.62,3.68%,628.00,2.11%
Dec 2003,583.00,13.20%,"4,407.41",3.55%,583.48,11.83%,539.72,-1.51%,"1,402.33",0.97%,648.67,4.57%,637.36,1.07%,660.00,5.10%
Jan 2004,584.00,0.17%,"4,525.80",2.69%,569.45,-2.40%,527.23,-2.31%,"1,433.00",2.19%,675.49,4.13%,656.97,3.08%,689.00,4.39%
Feb 2004,642.00,9.93%,"4,669.09",3.17%,614.00,7.82%,564.13,7.00%,"1,433.00",0.00%,704.51,4.30%,682.08,3.82%,731.00,6.10%
Mar 2004,685.00,6.70%,"4,673.58",0.10%,678.70,10.54%,583.52,3.44%,"1,356.32",-5.35%,687.60,-2.40%,689.43,1.08%,712.00,-2.60%
Apr 2004,736.00,7.45%,"4,565.24",-2.32%,737.05,8.60%,575.05,-1.45%,"1,322.77",-2.47%,644.98,-6.20%,672.46,-2.46%,696.00,-2.25%
May 2004,716.00,-2.72%,"4,570.70",0.12%,724.29,-1.73%,537.17,-6.59%,"1,322.77",0.00%,700.61,8.63%,627.96,-6.62%,684.00,-1.72%
Jun 2004,658.00,-8.10%,"4,636.37",1.44%,639.45,-11.71%,471.20,-12.28%,"1,264.65",-4.39%,699.96,-0.09%,581.74,-7.36%,632.00,-7.60%
Jul 2004,669.00,1.67%,"4,649.91",0.29%,637.73,-0.27%,454.77,-3.49%,"1,247.11",-1.39%,650.92,-7.01%,605.08,4.01%,624.00,-1.27%
Aug 2004,627.00,-6.28%,"4,669.55",0.42%,640.68,0.46%,458.14,0.74%,"1,234.59",-1.00%,667.68,2.57%,604.65,-0.07%,632.00,1.28%
Sep 2004,657.00,4.78%,"4,569.18",-2.15%,669.09,4.43%,468.09,2.17%,"1,213.59",-1.70%,657.92,-1.46%,601.60,-0.50%,657.00,3.96%
Oct 2004,642.00,-2.28%,"4,547.86",-0.47%,657.05,-1.80%,451.26,-3.60%,"1,212.54",-0.09%,668.92,1.67%,583.49,-3.01%,701.00,6.70%
Nov 2004,659.00,2.65%,"4,670.36",2.69%,664.91,1.20%,454.61,0.74%,"1,225.57",1.07%,684.68,2.36%,561.19,-3.82%,727.00,3.71%
Dec 2004,654.00,-0.76%,"4,823.58",3.28%,657.00,-1.19%,446.20,-1.85%,"1,233.63",0.66%,709.72,3.66%,552.06,-1.63%,724.00,-0.41%
Jan 2005,646.00,-1.22%,"5,351.37",10.94%,641.19,-2.41%,418.86,-6.13%,"1,234.59",0.08%,683.88,-3.64%,519.98,-5.81%,699.00,-3.45%
Feb 2005,646.00,0.00%,"5,579.55",4.26%,649.40,1.28%,422.63,0.90%,"1,234.59",0.00%,647.24,-5.36%,495.73,-4.66%,695.00,-0.57%
Mar 2005,710.00,9.91%,"5,645.16",1.18%,722.61,11.27%,458.13,8.40%,"1,234.59",0.00%,663.64,2.53%,543.69,9.67%,714.00,2.73%
Apr 2005,679.00,-4.37%,"5,619.99",-0.45%,684.33,-5.30%,457.86,-0.06%,"1,223.04",-0.94%,651.70,-1.80%,545.88,0.40%,695.00,-2.66%
May 2005,647.00,-4.71%,"5,487.49",-2.36%,648.09,-5.30%,450.00,-1.72%,"1,212.54",-0.86%,652.57,0.13%,537.98,-1.45%,700.00,0.72%
Jun 2005,638.75,-1.28%,"5,371.33",-2.12%,644.00,-0.63%,451.70,0.38%,"1,198.51",-1.16%,642.01,-1.62%,560.15,4.12%,706.00,0.86%
Jul 2005,606.00,-5.13%,"5,239.17",-2.46%,614.52,-4.58%,454.52,0.62%,"1,178.95",-1.63%,645.33,0.52%,561.26,0.20%,708.00,0.28%
Aug 2005,550.00,-9.24%,"5,590.13",6.70%,555.22,-9.65%,448.48,-1.33%,"1,165.10",-1.17%,654.17,1.37%,550.08,-1.99%,682.00,-3.67%
Sep 2005,559.00,1.64%,"5,669.46",1.42%,576.14,3.77%,453.64,1.15%,"1,168.45",0.29%,687.82,5.14%,545.16,-0.89%,683.00,0.15%
Oct 2005,587.00,5.01%,"5,652.39",-0.30%,623.33,8.19%,467.50,3.06%,"1,129.08",-3.37%,734.38,6.77%,578.62,6.14%,646.00,-5.42%
Nov 2005,582.00,-0.85%,"5,727.45",1.33%,620.23,-0.50%,466.70,-0.17%,"1,036.17",-8.23%,727.47,-0.94%,558.93,-3.40%,598.00,-7.43%
Dec 2005,553.00,-4.98%,"5,296.38",-7.53%,590.80,-4.75%,456.75,-2.13%,"1,036.17",0.00%,711.64,-2.18%,537.66,-3.81%,602.00,0.67%
Jan 2006,569.00,2.89%,"5,751.19",8.59%,606.02,2.58%,459.05,0.50%,"1,029.16",-0.68%,728.91,2.43%,535.83,-0.34%,591.00,-1.83%
Feb 2006,591.00,3.87%,"5,820.51",1.21%,621.13,2.49%,473.90,3.23%,993.18,-3.50%,716.23,-1.74%,533.27,-0.48%,595.00,0.68%
Mar 2006,575.00,-2.71%,"5,744.85",-1.30%,590.00,-5.01%,472.52,-0.29%,961.89,-3.15%,738.57,3.12%,540.60,1.37%,606.00,1.85%
Apr 2006,578.00,0.52%,"5,583.08",-2.82%,573.75,-2.75%,475.90,0.72%,936.96,-2.59%,773.72,4.76%,540.44,-0.03%,659.00,8.75%
May 2006,583.00,0.87%,"5,853.98",4.85%,558.26,-2.70%,483.72,1.64%,936.96,0.00%,828.42,7.07%,588.29,8.85%,679.00,3.03%
Jun 2006,575.00,-1.37%,"5,474.81",-6.48%,534.77,-4.21%,478.16,-1.15%,957.01,2.14%,829.91,0.18%,600.55,2.08%,666.00,-1.91%
Jul 2006,583.25,1.43%,"5,513.21",0.70%,555.71,3.92%,499.21,4.40%,990.51,3.50%,820.58,-1.12%,630.01,4.91%,647.00,-2.85%
Aug 2006,606.00,3.90%,"5,575.76",1.13%,566.85,2.00%,534.26,7.02%,"1,041.92",5.19%,809.12,-1.40%,632.18,0.34%,666.00,2.94%
Sep 2006,609.00,0.50%,"5,474.18",-1.82%,543.57,-4.11%,511.24,-4.31%,"1,079.22",3.58%,785.73,-2.89%,602.35,-4.72%,669.00,0.45%
Oct 2006,626.00,2.79%,"5,239.93",-4.28%,557.61,2.58%,514.18,0.58%,"1,102.31",2.14%,784.40,-0.17%,614.71,2.05%,666.00,-0.45%
Nov 2006,656.00,4.79%,"5,060.34",-3.43%,594.43,6.60%,571.57,11.16%,"1,102.31",0.00%,822.39,4.84%,675.67,9.92%,722.00,8.41%
Dec 2006,731.67,11.54%,"4,760.48",-5.93%,640.71,7.79%,625.88,9.50%,"1,102.31",0.00%,854.31,3.88%,698.12,3.32%,730.00,1.11%
Jan 2007,731.00,-0.09%,"4,490.58",-5.67%,649.13,1.31%,637.59,1.87%,"1,071.64",-2.78%,823.02,-3.66%,697.33,-0.11%,719.00,-1.51%
Feb 2007,763.00,4.38%,"4,567.09",1.70%,676.75,4.25%,645.20,1.19%,"1,016.33",-5.16%,790.39,-3.96%,715.04,2.54%,709.00,-1.39%
Mar 2007,769.00,0.79%,"4,749.46",3.99%,701.14,3.60%,660.93,2.44%,"1,055.21",3.83%,771.51,-2.39%,719.03,0.56%,713.00,0.56%
Apr 2007,827.50,7.61%,"4,875.67",2.66%,797.26,13.71%,743.45,12.49%,"1,078.17",2.18%,808.43,4.79%,753.70,4.82%,755.00,5.89%
May 2007,894.00,8.04%,"4,733.69",-2.91%,866.85,8.73%,816.09,9.77%,"1,169.41",8.46%,844.71,4.49%,788.70,4.64%,831.00,10.07%
Jun 2007,979.00,9.51%,"4,533.84",-4.22%,968.33,11.71%,833.19,2.10%,"1,268.18",8.45%,867.68,2.72%,835.55,5.94%,916.00,10.23%
Jul 2007,929.00,-5.11%,"4,426.95",-2.36%,919.55,-5.04%,854.52,2.56%,"1,404.95",10.78%,925.81,6.70%,887.12,6.17%,999.00,9.06%
Aug 2007,910.00,-2.05%,"4,318.67",-2.45%,904.02,-1.69%,830.65,-2.79%,"1,472.30",4.79%,958.29,3.51%,921.79,3.91%,"1,114.00",11.51%
Sep 2007,930.00,2.20%,"4,384.62",1.53%,926.63,2.50%,851.63,2.53%,"1,523.39",3.47%,"1,044.75",9.02%,977.48,6.04%,"1,279.00",14.81%
Oct 2007,"1,010.00",8.60%,"4,458.76",1.69%,999.67,7.88%,926.20,8.76%,"1,633.34",7.22%,"1,146.97",9.78%,"1,007.69",3.09%,"1,358.00",6.18%
Nov 2007,"1,131.00",11.98%,"4,650.51",4.30%,"1,115.00",11.54%,998.57,7.81%,"1,829.84",12.03%,"1,252.43",9.19%,"1,141.52",13.28%,"1,401.00",3.17%
Dec 2007,"1,153.00",1.95%,"4,542.47",-2.32%,"1,136.53",1.93%,"1,002.22",0.37%,"1,978.91",8.15%,"1,336.75",6.73%,"1,187.73",4.05%,"1,469.00",4.85%
Jan 2008,"1,285.00",11.45%,"4,559.20",0.37%,"1,278.18",12.46%,"1,122.15",11.97%,"1,984.16",0.27%,"1,390.42",4.01%,"1,280.20",7.79%,"1,709.00",16.34%
Feb 2008,"1,382.00",7.55%,"4,592.30",0.73%,"1,391.67",8.88%,"1,268.63",13.05%,"1,984.16",0.00%,"1,429.55",2.81%,"1,414.17",10.46%,"1,839.00",7.61%
Mar 2008,"1,471.00",6.44%,"4,774.31",3.96%,"1,456.39",4.65%,"1,377.22",8.56%,"2,075.49",4.60%,"1,510.12",5.64%,"1,488.74",5.27%,"1,863.00",1.31%
Apr 2008,"1,443.00",-1.90%,"4,643.60",-2.74%,"1,425.91",-2.09%,"1,320.11",-4.15%,"2,126.46",2.46%,"1,471.49",-2.56%,"1,422.23",-4.47%,"1,838.00",-1.34%
May 2008,"1,502.00",4.09%,"4,523.49",-2.59%,"1,432.50",0.46%,"1,326.45",0.48%,"2,253.22",5.96%,"1,524.95",3.63%,"1,437.87",1.10%,"1,962.00",6.75%
Jun 2008,"1,551.00",3.26%,"4,260.21",-5.82%,"1,396.67",-2.50%,"1,293.21",-2.51%,"2,332.70",3.53%,"1,591.88",4.39%,"1,535.16",6.77%,"2,045.00",4.23%
Jul 2008,"1,436.00",-7.41%,"4,323.35",1.48%,"1,253.48",-10.25%,"1,213.48",-6.17%,"2,425.08",3.96%,"1,549.44",-2.67%,"1,506.98",-1.84%,"1,692.00",-17.26%
Aug 2008,"1,193.00",-16.92%,"4,095.05",-5.28%,"1,064.29",-15.09%,963.57,-20.59%,"2,427.18",0.09%,"1,352.83",-12.69%,"1,329.64",-11.77%,"1,319.00",-22.04%
Sep 2008,"1,110.00",-6.96%,"3,914.53",-4.41%,994.09,-6.60%,826.02,-14.28%,"2,313.85",-4.67%,"1,238.29",-8.47%,"1,201.02",-9.67%,"1,176.00",-10.84%
Oct 2008,856.00,-22.88%,"3,660.85",-6.48%,750.65,-24.49%,635.75,-23.03%,"2,119.44",-8.40%,"1,040.68",-15.96%,942.53,-21.52%,950.00,-19.22%
Nov 2008,719.00,-16.00%,"3,307.33",-9.66%,514.50,-31.46%,581.25,-8.57%,"1,933.45",-8.78%,974.82,-6.33%,825.64,-12.40%,835.00,-12.11%
Dec 2008,740.00,2.92%,"3,355.21",1.45%,540.24,5.00%,587.24,1.03%,"1,761.69",-8.88%,838.02,-14.03%,745.55,-9.70%,759.00,-9.10%
Jan 2009,734.00,-0.81%,"3,288.71",-1.98%,556.00,2.92%,658.55,12.14%,"1,619.87",-8.05%,831.74,-0.75%,789.89,5.95%,817.00,7.64%
Feb 2009,673.00,-8.31%,"3,168.83",-3.65%,565.25,1.66%,655.66,-0.44%,"1,543.24",-4.73%,802.40,-3.53%,747.64,-5.35%,805.00,-1.47%
Mar 2009,625.00,-7.13%,"3,059.75",-3.44%,586.25,3.72%,660.48,0.74%,"1,535.22",-0.52%,776.90,-3.18%,730.71,-2.26%,757.00,-5.96%
Apr 2009,747.00,19.52%,"3,087.67",0.91%,713.50,21.71%,799.70,21.08%,"1,433.00",-6.66%,830.19,6.86%,809.08,10.73%,843.00,11.36%
May 2009,842.50,12.78%,"3,151.85",2.08%,826.84,15.89%,872.61,9.12%,"1,406.55",-1.85%,947.07,14.08%,889.62,9.95%,941.00,11.63%
Jun 2009,747.00,-11.34%,"3,433.52",8.94%,732.62,-11.40%,788.57,-9.63%,"1,338.81",-4.82%,917.18,-3.16%,892.92,0.37%,907.00,-3.61%
Jul 2009,685.00,-8.30%,"3,528.36",2.76%,663.91,-9.38%,698.48,-11.42%,"1,322.77",-1.20%,851.56,-7.15%,846.30,-5.22%,804.00,-11.36%
Aug 2009,747.00,9.05%,"3,710.67",5.17%,726.19,9.38%,746.05,6.81%,"1,310.18",-0.95%,884.24,3.84%,903.15,6.72%,820.00,1.99%
Sep 2009,701.00,-6.16%,"3,947.33",6.38%,700.68,-3.51%,703.85,-5.66%,"1,232.58",-5.92%,855.36,-3.27%,858.18,-4.98%,809.00,-1.34%
Oct 2009,706.00,0.71%,"3,930.53",-0.43%,727.05,3.76%,724.66,2.96%,"1,155.42",-6.26%,894.11,4.53%,897.00,4.52%,846.00,4.57%
Nov 2009,729.00,3.26%,"3,954.23",0.60%,754.52,3.78%,763.33,5.34%,"1,151.65",-0.33%,933.77,4.44%,932.38,3.94%,921.00,8.87%
Dec 2009,768.00,5.35%,"3,850.54",-2.62%,835.45,10.73%,821.81,7.66%,"1,181.87",2.62%,938.29,0.48%,939.91,0.81%,986.00,7.06%
Jan 2010,784.00,2.08%,"3,722.44",-3.33%,879.50,5.27%,830.88,1.10%,"1,275.53",7.92%,914.09,-2.58%,920.55,-2.06%,968.00,-1.83%
Feb 2010,798.00,1.79%,"3,484.17",-6.40%,894.00,1.65%,830.00,-0.11%,"1,287.50",0.94%,900.93,-1.44%,909.19,-1.23%,948.00,-2.07%
Mar 2010,921.00,15.41%,"3,349.50",-3.87%,996.96,11.52%,862.83,3.96%,"1,317.02",2.29%,910.08,1.02%,911.07,0.21%,949.00,0.11%
Apr 2010,940.00,2.06%,"3,292.57",-1.70%,"1,021.05",2.42%,862.71,-0.01%,"1,361.62",3.39%,909.13,-0.10%,902.83,-0.90%,924.00,-2.63%
May 2010,932.00,-0.85%,"3,011.23",-8.54%,"1,031.05",0.98%,855.31,-0.86%,"1,366.87",0.39%,862.49,-5.13%,859.49,-4.80%,910.00,-1.52%
Jun 2010,993.00,6.55%,"2,925.80",-2.84%,"1,050.00",1.84%,825.68,-3.46%,"1,366.87",0.00%,876.07,1.57%,860.28,0.09%,889.00,-2.31%
Jul 2010,"1,031.00",3.83%,"2,934.73",0.31%,"1,063.86",1.32%,844.43,2.27%,"1,366.87",0.00%,946.76,8.07%,910.82,5.87%,937.00,5.40%
Aug 2010,"1,170.00",13.48%,"3,087.55",5.21%,"1,171.14",10.08%,943.73,11.76%,"1,383.90",1.25%,"1,012.94",6.99%,997.62,9.53%,"1,074.00",14.62%
Sep 2010,"1,275.00",8.97%,"3,068.01",-0.63%,"1,259.66",7.56%,948.88,0.55%,"1,426.71",3.09%,"1,032.57",1.94%,"1,035.26",3.77%,"1,114.00",3.72%
Oct 2010,"1,412.00",10.75%,"3,093.28",0.82%,"1,420.95",12.80%,"1,025.83",8.11%,"1,471.32",3.13%,"1,149.51",11.33%,"1,146.75",10.77%,"1,284.00",15.26%
Nov 2010,"1,512.00",7.08%,"3,081.94",-0.37%,"1,631.14",14.79%,"1,131.36",10.29%,"1,543.24",4.89%,"1,242.32",8.07%,"1,231.69",7.41%,"1,441.00",12.23%
Dec 2010,"1,715.00",13.43%,"3,003.96",-2.53%,"1,829.55",12.16%,"1,234.64",9.13%,"1,644.45",6.56%,"1,382.99",11.32%,"1,324.72",7.55%,"1,454.00",0.90%
Jan 2011,"2,038.00",18.83%,"2,989.80",-0.47%,"2,139.05",16.92%,"1,303.57",5.58%,"1,653.47",0.55%,"1,440.75",4.18%,"1,365.73",3.10%,"1,492.00",2.61%
Feb 2011,"2,256.00",10.70%,"3,054.10",2.15%,"2,307.63",7.88%,"1,327.21",1.81%,"1,653.47",0.00%,"1,403.14",-2.61%,"1,359.86",-0.43%,"1,704.74",14.26%
Mar 2011,"1,925.00",-14.67%,"3,098.50",1.45%,"1,975.22",-14.40%,"1,241.74",-6.44%,"1,637.17",-0.99%,"1,411.80",0.62%,"1,306.53",-3.92%,"1,636.96",-3.98%
Apr 2011,"2,089.00",8.52%,"3,226.28",4.12%,"1,906.32",-3.49%,"1,219.61",-1.78%,"1,631.42",-0.35%,"1,447.42",2.52%,"1,310.45",0.30%,"1,634.05",-0.18%
May 2011,"2,097.00",0.38%,"3,164.79",-1.91%,"1,985.48",4.15%,"1,230.12",0.86%,"1,632.47",0.06%,"1,406.76",-2.81%,"1,296.03",-1.10%,"1,644.09",0.61%
Jun 2011,"1,803.00",-14.02%,"3,097.34",-2.13%,"1,761.75",-11.27%,"1,192.38",-3.07%,"1,700.57",4.17%,"1,401.82",-0.35%,"1,319.38",1.80%,"1,699.32",3.36%
Jul 2011,"1,662.00",-7.82%,"3,072.00",-0.82%,"1,372.62",-22.09%,"1,183.45",-0.75%,"1,945.58",14.41%,"1,392.95",-0.63%,"1,337.36",1.36%,"1,672.38",-1.59%
Aug 2011,"1,454.00",-12.52%,"3,118.70",1.52%,"1,377.83",0.38%,"1,205.48",1.86%,"2,076.18",6.71%,"1,350.50",-3.05%,"1,328.39",-0.67%,"1,671.30",-0.06%
Sep 2011,"1,305.00",-10.25%,"3,013.48",-3.37%,"1,264.32",-8.24%,"1,137.25",-5.66%,"2,113.43",1.79%,"1,309.99",-3.00%,"1,307.85",-1.55%,"1,591.59",-4.77%
Oct 2011,"1,208.00",-7.43%,"3,013.00",-0.02%,"1,082.62",-14.37%,"1,044.75",-8.13%,"2,116.44",0.14%,"1,270.51",-3.01%,"1,223.10",-6.48%,"1,483.81",-6.77%
Nov 2011,"1,479.00",22.43%,"3,031.80",0.62%,"1,294.32",19.55%,"1,113.38",6.57%,"2,116.44",0.00%,"1,273.54",0.24%,"1,213.96",-0.75%,"1,502.50",1.26%
Dec 2011,"1,445.00",-2.30%,"2,867.08",-5.43%,"1,376.58",6.36%,"1,121.50",0.73%,"2,116.44",0.00%,"1,244.66",-2.27%,"1,203.28",-0.88%,"1,439.77",-4.18%
Jan 2012,"1,451.00",0.42%,"2,760.97",-3.70%,"1,362.05",-1.06%,"1,123.50",0.18%,"2,116.44",0.00%,"1,252.78",0.65%,"1,216.28",1.08%,"1,451.82",0.84%
Feb 2012,"1,411.00",-2.76%,"2,836.17",2.72%,"1,365.48",0.25%,"1,146.25",2.02%,"2,116.44",0.00%,"1,287.68",2.79%,"1,249.12",2.70%,"1,485.00",2.29%
Mar 2012,"1,338.00",-5.17%,"2,824.57",-0.41%,"1,366.43",0.07%,"1,195.34",4.28%,"2,138.48",1.04%,"1,289.12",0.11%,"1,285.38",2.90%,"1,500.68",1.06%
Apr 2012,"1,348.00",0.75%,"2,834.10",0.34%,"1,394.72",2.07%,"1,233.61",3.20%,"2,274.96",6.38%,"1,303.59",1.12%,"1,308.89",1.83%,"1,551.90",3.41%
May 2012,"1,155.00",-14.32%,"2,722.67",-3.93%,"1,236.75",-11.33%,"1,125.00",-8.80%,"2,408.05",5.85%,"1,234.88",-5.27%,"1,220.55",-6.75%,"1,522.17",-1.92%
Jun 2012,"1,058.00",-8.40%,"2,697.67",-0.92%,"1,089.05",-11.94%,"1,027.74",-8.65%,"2,425.08",0.71%,"1,183.37",-4.17%,"1,181.93",-3.16%,"1,430.48",-6.02%
Jul 2012,"1,070.00",1.13%,"2,671.84",-0.96%,"1,063.18",-2.38%,"1,052.84",2.44%,"2,450.28",1.04%,"1,214.67",2.64%,"1,239.49",4.87%,"1,472.27",2.92%
Aug 2012,"1,001.00",-6.45%,"2,913.43",9.04%,"1,007.61",-5.23%,"1,022.38",-2.89%,"2,469.18",0.77%,"1,230.73",1.32%,"1,250.27",0.87%,"1,525.43",3.61%
Sep 2012,967.00,-3.40%,"3,571.69",22.59%,980.00,-2.74%,"1,001.38",-2.05%,"2,469.18",0.00%,"1,268.69",3.08%,"1,280.95",2.45%,"1,572.25",3.07%
Oct 2012,898.00,-7.14%,"3,632.23",1.70%,863.04,-11.93%,886.00,-11.52%,"2,469.18",0.00%,"1,214.20",-4.29%,"1,177.95",-8.04%,"1,302.61",-17.15%
Nov 2012,848.00,-5.57%,"3,448.23",-5.07%,806.70,-6.53%,863.18,-2.58%,"2,469.18",0.00%,"1,184.61",-2.44%,"1,137.78",-3.41%,"1,285.23",-1.33%
Dec 2012,785.00,-7.43%,"3,318.85",-3.75%,753.53,-6.59%,843.55,-2.27%,"2,502.25",1.34%,"1,188.18",0.30%,"1,158.64",1.83%,"1,271.90",-1.04%
Jan 2013,828.64,5.56%,"3,957.60",19.25%,801.36,6.35%,884.52,4.86%,"2,270.76",-9.25%,"1,210.92",1.91%,"1,192.35",2.91%,"1,298.48",2.09%
Feb 2013,853.25,2.97%,"4,229.45",6.87%,836.00,4.32%,919.58,3.96%,"1,821.71",-19.78%,"1,216.99",0.50%,"1,173.48",-1.58%,"1,285.75",-0.98%
Mar 2013,818.75,-4.04%,"4,094.76",-3.18%,832.75,-0.39%,891.50,-3.05%,"1,763.70",-3.18%,"1,161.66",-4.55%,"1,117.43",-4.78%,"1,249.76",-2.80%
Apr 2013,791.43,-3.34%,"4,005.37",-2.18%,830.71,-0.24%,874.17,-1.94%,"1,763.70",0.00%,"1,131.82",-2.57%,"1,094.52",-2.05%,"1,221.14",-2.29%
May 2013,822.50,3.93%,"3,847.06",-3.95%,827.50,-0.39%,879.47,0.61%,"1,780.73",0.97%,"1,116.66",-1.34%,"1,073.20",-1.95%,"1,227.73",0.54%
Jun 2013,890.63,8.28%,"3,955.85",2.83%,853.50,3.14%,876.88,-0.29%,"1,807.79",1.52%,"1,147.34",2.75%,"1,037.75",-3.30%,"1,245.25",1.43%
Jul 2013,860.43,-3.39%,"3,895.24",-1.53%,835.54,-2.10%,827.09,-5.68%,"1,816.31",0.47%,"1,008.78",-12.08%,990.31,-4.57%,"1,210.87",-2.76%
Aug 2013,892.61,3.74%,"3,851.23",-1.13%,868.64,3.96%,819.29,-0.94%,"1,807.79",-0.47%,993.85,-1.48%,994.65,0.44%,"1,111.67",-8.19%
Sep 2013,985.24,10.38%,"3,827.17",-0.62%,909.76,4.73%,826.25,0.85%,"1,797.87",-0.55%,983.52,-1.04%,"1,019.72",2.52%,"1,005.71",-9.53%
Oct 2013,985.65,0.04%,"3,737.97",-2.33%,912.17,0.26%,859.66,4.04%,"1,764.66",-1.85%,"1,010.85",2.78%,990.96,-2.82%,"1,008.48",0.28%
Nov 2013,"1,274.50",29.31%,"3,703.16",-0.93%,"1,108.10",21.48%,904.05,5.16%,"1,754.88",-0.55%,"1,021.70",1.07%,989.83,-0.11%,"1,004.05",-0.44%
Dec 2013,"1,270.00",-0.35%,"3,628.63",-2.01%,"1,147.00",3.51%,886.25,-1.97%,"1,697.56",-3.27%,"1,007.11",-1.43%,990.52,0.07%,996.00,-0.80%
Jan 2014,"1,269.09",-0.07%,"3,601.01",-0.76%,"1,158.64",1.01%,862.63,-2.67%,"1,560.64",-8.07%,948.01,-5.87%,942.10,-4.89%,951.82,-4.44%
Feb 2014,"1,364.00",7.48%,"3,541.05",-1.67%,"1,292.00",11.51%,904.34,4.84%,"1,409.80",-9.67%,971.77,2.51%,970.96,3.06%,953.00,0.12%
Mar 2014,"1,389.05",1.84%,"3,586.63",1.29%,"1,376.90",6.57%,953.81,5.47%,"1,366.87",-3.05%,"1,009.95",3.93%,996.67,2.65%,984.76,3.33%
Apr 2014,"1,356.13",-2.37%,"3,565.62",-0.59%,"1,291.75",-6.18%,926.63,-2.85%,"1,366.87",0.00%,"1,011.42",0.15%,"1,001.69",0.50%,952.25,-3.30%
May 2014,"1,413.25",4.21%,"3,553.72",-0.33%,"1,255.25",-2.83%,898.42,-3.04%,"1,366.87",0.00%,954.94,-5.58%,961.81,-3.98%,951.50,-0.08%
Jun 2014,"1,393.25",-1.42%,"3,625.83",2.03%,"1,233.75",-1.71%,861.88,-4.07%,"1,366.87",0.00%,948.33,-0.69%,925.82,-3.74%,942.38,-0.96%
Jul 2014,"1,255.22",-9.91%,"3,820.55",5.37%,"1,106.30",-10.33%,853.69,-0.95%,"1,373.38",0.48%,892.08,-5.93%,897.43,-3.07%,908.04,-3.64%
Aug 2014,"1,187.62",-5.39%,"3,963.79",3.75%,938.81,-15.14%,778.69,-8.79%,"1,388.91",1.13%,851.75,-4.52%,861.77,-3.97%,853.75,-5.98%
Sep 2014,"1,193.41",0.49%,"3,997.12",0.84%,904.55,-3.65%,760.75,-2.30%,"1,388.91",0.00%,836.46,-1.80%,839.82,-2.55%,834.09,-2.30%
Oct 2014,"1,148.70",-3.75%,"3,811.73",-4.64%,936.09,3.49%,764.40,0.48%,"1,388.91",0.00%,859.11,2.71%,833.03,-0.81%,888.26,6.49%
Nov 2014,"1,191.63",3.74%,"4,065.10",6.65%,970.00,3.62%,764.75,0.05%,"1,388.91",0.00%,841.33,-2.07%,825.98,-0.85%,922.75,3.88%
Dec 2014,"1,212.14",1.72%,"4,234.51",4.17%,972.26,0.23%,719.64,-5.90%,"1,372.88",-1.15%,814.81,-3.15%,814.55,-1.38%,900.95,-2.36%
Jan 2015,"1,145.71",-5.48%,"4,128.51",-2.50%,"1,010.48",3.93%,719.64,0.00%,"1,350.33",-1.64%,777.72,-4.55%,796.58,-2.21%,870.71,-3.36%
Feb 2015,"1,160.50",1.29%,"4,169.56",0.99%,"1,052.37",4.15%,723.04,0.47%,"1,344.82",-0.41%,762.51,-1.96%,762.61,-4.26%,825.00,-5.25%
Mar 2015,"1,090.68",-6.02%,"3,933.60",-5.66%,"1,020.80",-3.00%,698.86,-3.34%,"1,344.82",0.00%,751.16,-1.49%,749.93,-1.66%,804.55,-2.48%
Apr 2015,"1,077.50",-1.21%,"3,996.58",1.60%,979.75,-4.02%,682.75,-2.31%,"1,344.82",0.00%,747.72,-0.46%,747.74,-0.29%,833.50,3.60%
May 2015,"1,131.94",5.05%,"4,305.33",7.73%,962.06,-1.81%,697.35,2.14%,"1,344.82",0.00%,769.95,2.97%,785.13,5.00%,916.05,9.90%
Jun 2015,"1,123.64",-0.73%,"4,347.30",0.97%,914.43,-4.95%,705.91,1.23%,"1,365.86",1.56%,841.79,9.33%,788.21,0.39%,927.95,1.30%
Jul 2015,"1,103.04",-1.83%,"4,487.72",3.23%,869.13,-4.95%,680.00,-3.67%,"1,388.91",1.69%,809.98,-3.78%,752.32,-4.55%,917.39,-1.14%
Aug 2015,"1,032.38",-6.41%,"5,045.80",12.44%,735.48,-15.38%,601.38,-11.56%,"1,392.06",0.23%,753.56,-6.97%,728.33,-3.19%,894.75,-2.47%
Sep 2015,"1,051.59",1.86%,"4,986.87",-1.17%,799.66,8.73%,599.50,-0.31%,"1,399.94",0.57%,771.69,2.41%,720.40,-1.09%,896.82,0.23%
Oct 2015,"1,104.09",4.99%,"4,544.50",-8.87%,857.73,7.26%,636.67,6.20%,"1,399.94",0.00%,809.13,4.85%,743.30,3.18%,961.59,7.22%
Nov 2015,"1,071.07",-2.99%,"3,910.36",-13.95%,788.75,-8.04%,608.21,-4.47%,"1,413.16",0.94%,799.62,-1.18%,727.34,-2.15%,915.24,-4.82%
Dec 2015,"1,150.00",7.37%,"3,657.89",-6.46%,849.55,7.71%,607.38,-0.14%,"1,446.03",2.33%,820.94,2.67%,765.70,5.27%,898.18,-1.86%
Jan 2016,"1,152.00",0.17%,"3,976.43",8.71%,895.63,5.42%,611.63,0.70%,"1,359.90",-5.96%,781.35,-4.82%,736.03,-3.87%,885.35,-1.43%
Feb 2016,"1,218.93",5.81%,"4,233.44",6.46%,986.90,10.19%,679.17,11.04%,"1,317.26",-3.14%,779.88,-0.19%,767.24,4.24%,898.19,1.45%
Mar 2016,"1,440.48",18.18%,"4,047.26",-4.40%,"1,210.60",22.67%,715.95,5.42%,"1,300.73",-1.25%,766.26,-1.75%,765.61,-0.21%,859.19,-4.34%
Apr 2016,"1,580.95",9.75%,"4,024.21",-0.57%,"1,299.05",7.31%,775.00,8.25%,"1,314.38",1.05%,808.51,5.51%,794.13,3.73%,875.95,1.95%
May 2016,"1,439.50",-8.95%,"3,858.02",-4.13%,"1,218.25",-6.22%,753.42,-2.78%,"1,322.77",0.64%,805.59,-0.36%,795.64,0.19%,881.00,0.58%
Jun 2016,"1,547.95",7.53%,"3,810.28",-1.24%,"1,337.27",9.77%,718.18,-4.68%,"1,365.86",3.26%,793.48,-1.50%,799.91,0.54%,860.23,-2.36%
Jul 2016,"1,515.00",-2.13%,"3,890.98",2.12%,"1,290.00",-3.53%,678.16,-5.57%,"1,415.37",3.62%,767.83,-3.23%,796.67,-0.41%,832.86,-3.18%
Aug 2016,"1,575.00",3.96%,"3,982.15",2.34%,"1,423.70",10.36%,771.02,13.69%,"1,433.00",1.25%,817.52,6.47%,824.42,3.48%,830.35,-0.30%
Sep 2016,"1,557.39",-1.12%,"4,073.87",2.30%,"1,443.86",1.42%,797.85,3.48%,"1,433.00",0.00%,849.65,3.93%,837.21,1.55%,865.73,4.26%
Oct 2016,"1,473.57",-5.38%,"3,924.43",-3.67%,"1,331.19",-7.80%,749.75,-6.03%,"1,433.00",0.00%,914.14,7.59%,861.26,2.87%,873.00,0.84%
Nov 2016,"1,553.41",5.42%,"3,928.02",0.09%,"1,512.95",13.65%,766.93,2.29%,"1,433.00",0.00%,918.26,0.45%,885.11,2.77%,873.00,0.00%
Dec 2016,"1,727.14",11.18%,"3,992.51",1.64%,"1,666.43",10.14%,811.38,5.80%,"1,439.30",0.44%,930.43,1.33%,916.70,3.57%,873.00,0.00%
Jan 2017,"1,818.64",5.30%,"4,152.22",4.00%,"1,737.27",4.25%,825.00,1.68%,"1,427.78",-0.80%,890.82,-4.26%,876.85,-4.35%,873.00,0.00%
Feb 2017,"1,688.25",-7.17%,"4,424.23",6.55%,"1,566.50",-9.83%,808.61,-1.99%,"1,359.90",-4.75%,874.38,-1.85%,839.60,-4.25%,873.00,0.00%
Mar 2017,"1,542.39",-8.64%,"4,434.15",0.22%,"1,229.57",-21.51%,778.70,-3.70%,"1,398.98",2.87%,847.32,-3.09%,814.94,-2.94%,835.17,-4.33%
Apr 2017,"1,589.72",3.07%,"4,389.46",-1.01%,"1,085.56",-11.71%,752.06,-3.42%,"1,421.40",1.60%,839.33,-0.94%,794.04,-2.56%,797.67,-4.49%
May 2017,"1,719.29",8.15%,"4,635.18",5.60%,"1,098.57",1.20%,762.75,1.42%,"1,453.05",2.23%,842.05,0.32%,825.06,3.91%,795.00,-0.33%
Jun 2017,"1,869.76",8.75%,"4,632.07",-0.07%,"1,030.83",-6.17%,735.14,-3.62%,"1,463.07",0.69%,847.47,0.64%,832.95,0.96%,794.36,-0.08%
Jul 2017,"1,644.05",-12.07%,"4,686.00",1.16%,"1,033.57",0.27%,720.48,-1.99%,"1,496.94",2.31%,905.99,6.91%,835.60,0.32%,793.00,-0.17%
Aug 2017,"1,845.00",12.22%,"4,661.51",-0.52%,"1,174.35",13.62%,717.95,-0.35%,"1,510.17",0.88%,875.36,-3.38%,861.72,3.13%,815.74,2.87%
Sep 2017,"1,600.95",-13.23%,"4,614.20",-1.01%,"1,336.05",13.77%,755.28,5.20%,"1,504.65",-0.37%,872.87,-0.28%,889.44,3.22%,822.24,0.80%
Oct 2017,"1,484.77",-7.26%,"4,601.24",-0.28%,"1,418.86",6.20%,746.79,-1.12%,"1,481.11",-1.56%,897.25,2.79%,880.60,-0.99%,804.82,-2.12%
Nov 2017,"1,554.32",4.68%,"4,566.47",-0.76%,"1,444.77",1.83%,728.86,-2.40%,"1,502.29",1.43%,962.98,7.33%,886.77,0.70%,809.86,0.63%
Dec 2017,"1,450.66",-6.67%,"4,560.83",-0.12%,"1,305.66",-9.63%,679.17,-6.82%,"1,510.17",0.52%,901.97,-6.34%,867.19,-2.21%,800.76,-1.12%
Jan 2018,"1,393.86",-3.92%,"4,795.52",5.15%,"1,265.00",-3.11%,703.45,3.57%,"1,433.00",-5.11%,848.38,-5.94%,870.50,0.38%,799.04,-0.21%
Feb 2018,"1,244.25",-10.73%,"4,781.01",-0.30%,"1,145.38",-9.46%,709.44,0.85%,"1,433.00",0.00%,827.48,-2.46%,843.56,-3.09%,806.00,0.87%
Mar 2018,"1,118.63",-10.10%,"4,394.37",-8.09%,"1,016.19",-11.28%,706.19,-0.46%,"1,435.63",0.18%,800.24,-3.29%,836.68,-0.82%,800.91,-0.63%
Apr 2018,"1,131.18",1.12%,"4,135.67",-5.89%,"1,006.71",-0.93%,701.18,-0.71%,"1,444.03",0.59%,793.31,-0.87%,831.85,-0.58%,799.33,-0.20%
May 2018,"1,027.75",-9.14%,"3,655.73",-11.60%,935.25,-7.10%,687.29,-1.98%,"1,444.03",0.00%,811.49,2.29%,793.25,-4.64%,801.32,0.25%
Jun 2018,931.19,-9.40%,"3,576.39",-2.17%,865.71,-7.44%,656.50,-4.48%,"1,461.87",1.24%,838.02,3.27%,788.57,-0.59%,775.00,-3.28%
Jul 2018,916.25,-1.60%,"3,676.75",2.81%,877.16,1.32%,616.14,-6.15%,"1,477.10",1.04%,848.61,1.26%,780.45,-1.03%,780.05,0.65%
Aug 2018,915.22,-0.11%,"3,552.95",-3.37%,900.22,2.63%,614.10,-0.33%,"1,477.10",0.00%,853.67,0.60%,761.82,-2.39%,763.23,-2.16%
Sep 2018,907.90,-0.80%,"3,610.16",1.61%,865.63,-3.84%,605.15,-1.46%,"1,442.29",-2.36%,821.47,-3.77%,754.05,-1.02%,733.95,-3.84%
Oct 2018,839.54,-7.53%,"3,491.82",-3.28%,795.22,-8.13%,590.32,-2.45%,"1,433.63",-0.60%,850.55,3.54%,752.37,-0.22%,718.04,-2.17%
Nov 2018,786.60,-6.31%,"3,591.27",2.85%,707.62,-11.02%,539.10,-8.68%,"1,438.26",0.32%,840.39,-1.19%,729.22,-3.08%,706.09,-1.66%
Dec 2018,796.27,1.23%,"3,679.11",2.45%,738.36,4.34%,535.02,-0.76%,"1,434.58",-0.26%,827.02,-1.59%,727.88,-0.18%,703.00,-0.44%
Jan 2019,773.07,-2.91%,"3,533.61",-3.95%,765.00,3.61%,584.58,9.26%,"1,379.77",-3.82%,859.73,3.96%,747.79,2.74%,688.13,-2.12%
Feb 2019,710.43,-8.10%,"3,466.16",-1.91%,694.67,-9.19%,602.97,3.15%,"1,370.06",-0.70%,829.70,-3.49%,772.82,3.35%,700.00,1.72%
Mar 2019,678.56,-4.49%,"3,325.86",-4.05%,654.72,-5.75%,573.02,-4.97%,"1,370.38",0.02%,808.68,-2.53%,750.33,-2.91%,711.71,1.67%
Apr 2019,668.63,-1.46%,"3,243.70",-2.47%,636.23,-2.82%,588.45,2.69%,"1,377.61",0.53%,805.96,-0.34%,733.77,-2.21%,713.00,0.18%
May 2019,661.17,-1.12%,"3,158.12",-2.64%,573.36,-9.88%,563.20,-4.29%,"1,392.89",1.11%,815.84,1.23%,742.53,1.19%,721.57,1.20%
Jun 2019,635.60,-3.87%,"3,162.49",0.14%,542.24,-5.43%,552.19,-1.95%,"1,391.97",-0.07%,840.01,2.96%,742.89,0.05%,725.00,0.48%
Jul 2019,657.31,3.42%,"3,181.18",0.59%,555.03,2.36%,543.88,-1.50%,"1,437.71",3.29%,845.27,0.63%,748.17,0.71%,753.83,3.98%
Aug 2019,719.28,9.43%,"3,119.68",-1.93%,619.33,11.58%,586.12,7.77%,"1,457.89",1.40%,877.48,3.81%,793.21,6.02%,776.00,2.94%
Sep 2019,724.03,0.66%,"3,057.86",-1.98%,613.15,-1.00%,580.30,-0.99%,"1,458.25",0.02%,903.07,2.92%,779.25,-1.76%,776.00,0.00%
Oct 2019,719.52,-0.62%,"2,979.00",-2.58%,593.74,-3.17%,591.35,1.90%,"1,458.53",0.02%,908.67,0.62%,770.80,-1.08%,776.00,0.00%
Nov 2019,836.29,16.23%,"2,918.68",-2.02%,755.76,27.29%,683.38,15.56%,"1,388.47",-4.80%,910.73,0.23%,774.91,0.53%,776.00,0.00%
Dec 2019,"1,015.66",21.45%,"2,849.65",-2.37%,944.70,25.00%,769.93,12.66%,"1,457.89",5.00%,924.50,1.51%,820.59,5.89%,805.16,3.76%
Jan 2020,992.66,-2.26%,"2,687.32",-5.70%,954.70,1.06%,834.85,8.43%,"1,492.61",2.38%,941.46,1.83%,873.66,6.47%,840.33,4.37%
Feb 2020,844.12,-14.96%,"2,737.94",1.88%,801.84,-16.01%,728.81,-12.70%,"1,393.46",-6.64%,902.34,-4.16%,800.41,-8.38%,823.00,-2.06%
Mar 2020,837.72,-0.76%,"2,796.26",2.13%,691.04,-13.82%,636.25,-12.70%,"1,412.91",1.40%,796.67,-11.71%,747.80,-6.57%,730.00,-11.30%
Apr 2020,834.51,-0.38%,"2,775.09",-0.76%,720.69,4.29%,608.88,-4.30%,"1,527.27",8.09%,758.96,-4.73%,679.98,-9.07%,732.10,0.29%
May 2020,832.33,-0.26%,"2,754.38",-0.75%,684.95,-4.96%,576.56,-5.31%,"1,588.02",3.98%,799.83,5.39%,684.78,0.71%,738.26,0.84%
Jun 2020,916.38,10.10%,"2,842.24",3.19%,724.62,5.79%,656.49,13.86%,"1,712.82",7.86%,850.98,6.40%,755.71,10.36%,788.36,6.79%
Jul 2020,888.31,-3.06%,"2,868.08",0.91%,683.93,-5.62%,694.16,5.74%,"1,876.87",9.58%,890.21,4.61%,821.11,8.65%,833.17,5.68%
Aug 2020,981.30,10.47%,"2,995.76",4.45%,739.17,8.08%,760.30,9.53%,"1,876.96",0.00%,921.55,3.52%,866.94,5.58%,877.14,5.28%
Sep 2020,"1,034.18",5.39%,"3,094.02",3.28%,767.84,3.88%,796.22,4.72%,"1,880.71",0.20%,938.14,1.80%,905.86,4.49%,"1,041.73",18.76%
Oct 2020,"1,118.36",8.14%,"3,285.64",6.19%,805.91,4.96%,819.27,2.89%,"1,877.59",-0.17%,927.71,-1.11%,914.77,0.98%,"1,040.69",-0.10%
Nov 2020,"1,368.95",22.41%,"1,389.97",-57.70%,"1,073.48",33.20%,917.81,12.03%,"1,878.61",0.05%,"1,047.78",12.94%,973.88,6.46%,"1,176.12",13.01%
Dec 2020,"1,464.96",7.01%,"1,313.41",-5.51%,"1,224.87",14.10%,"1,016.37",10.74%,"1,977.17",5.25%,"1,097.63",4.76%,"1,026.20",5.37%,"1,240.71",5.49%
Jan 2021,"1,463.07",-0.13%,"3,468.29",164.07%,"1,368.31",11.71%,990.27,-2.57%,"1,988.94",0.60%,"1,141.24",3.97%,"1,098.67",7.06%,"1,276.12",2.85%
Feb 2021,"1,444.50",-1.27%,"3,898.12",12.39%,"1,359.50",-0.64%,"1,019.86",2.99%,"1,993.21",0.21%,"1,272.13",11.47%,"1,123.50",2.26%,"1,362.57",6.77%
Mar 2021,"1,540.65",6.66%,"3,933.92",0.92%,"1,478.59",8.76%,"1,030.48",1.04%,"2,006.04",0.64%,"1,321.88",3.91%,"1,284.81",14.36%,"1,611.11",18.24%
Apr 2021,"1,659.64",7.72%,"4,124.21",4.84%,"1,487.14",0.58%,"1,078.05",4.62%,"2,020.64",0.73%,"1,312.33",-0.72%,"1,386.35",7.90%,"1,572.80",-2.38%
May 2021,"1,715.24",3.35%,"4,397.94",6.64%,"1,530.50",2.92%,"1,136.46",5.42%,"2,072.04",2.54%,"1,531.38",16.69%,"1,574.67",13.58%,"1,584.59",0.75%
Jun 2021,"1,670.68",-2.60%,"4,489.52",2.08%,"1,400.45",-8.50%,"1,004.42",-11.62%,"2,078.83",0.33%,"1,527.59",-0.25%,"1,518.16",-3.59%,"1,296.75",-18.16%
Jul 2021,"1,584.09",-5.18%,"4,402.40",-1.94%,"1,274.09",-9.02%,"1,062.99",5.83%,"2,092.19",0.64%,"1,410.08",-7.69%,"1,468.34",-3.28%,"1,282.01",-1.14%
Aug 2021,"1,493.64",-5.71%,"4,383.35",-0.43%,"1,341.14",5.26%,"1,141.82",7.42%,"2,102.29",0.48%,"1,519.19",7.74%,"1,433.94",-2.34%,"1,355.69",5.75%
Sep 2021,"1,485.00",-0.58%,"4,441.54",1.33%,"1,427.27",6.42%,"1,181.38",3.46%,"2,109.02",0.32%,"1,629.14",7.24%,"1,398.75",-2.45%,"1,309.52",-3.41%
Oct 2021,"1,922.86",29.49%,"4,366.58",-1.69%,"1,818.33",27.40%,"1,310.25",10.91%,"2,133.67",1.17%,"1,795.17",10.19%,"1,483.52",6.06%,"1,420.53",8.48%
Nov 2021,"1,960.68",1.97%,"4,186.37",-4.13%,"2,050.23",12.75%,"1,340.65",2.32%,"2,150.21",0.78%,"1,825.34",1.68%,"1,442.96",-2.73%,"1,415.62",-0.35%
Dec 2021,"1,695.71",-13.51%,"4,124.93",-1.47%,"1,861.43",-9.21%,"1,270.29",-5.25%,"2,154.06",0.18%,"1,742.50",-4.54%,"1,411.21",-2.20%,"1,361.83",-3.80%
Jan 2022,"2,016.14",18.90%,"4,250.13",3.04%,"2,195.79",17.96%,"1,344.79",5.86%,"2,489.88",15.59%,"1,865.36",7.05%,"1,469.56",4.13%,"1,411.73",3.66%
Feb 2022,"2,147.89",6.53%,"4,233.02",-0.40%,"2,442.63",11.24%,"1,522.36",13.20%,"2,473.10",-0.67%,"1,744.20",-6.50%,"1,595.74",8.59%,"1,499.12",6.19%
Mar 2022,"2,230.22",3.83%,"4,398.57",3.91%,"2,441.48",-0.05%,"1,776.96",16.72%,"2,153.15",-12.94%,"2,162.30",23.97%,"1,956.88",22.63%,"2,361.13",57.50%
Apr 2022,"2,094.61",-6.08%,"4,284.61",-2.59%,"2,064.31",-15.45%,"1,682.74",-5.30%,"2,145.25",-0.37%,"2,266.17",4.80%,"1,947.51",-0.48%,"2,275.76",-3.62%
May 2022,"1,813.33",-13.43%,"4,098.48",-4.34%,"1,811.19",-12.26%,"1,716.92",2.03%,"2,146.29",0.05%,"2,218.45",-2.11%,"1,962.88",0.79%,"2,079.30",-8.63%
Jun 2022,"1,700.50",-6.22%,"4,030.65",-1.66%,"1,554.50",-14.17%,"1,501.10",-12.57%,"2,146.19",0.00%,"2,000.53",-9.82%,"1,751.76",-10.76%,"1,884.59",-9.36%
Jul 2022,"1,540.53",-9.41%,"4,065.02",0.85%,"1,301.05",-16.30%,"1,056.64",-29.61%,"2,146.19",0.00%,"1,737.34",-13.16%,"1,533.40",-12.47%,"1,556.87",-17.39%
