Destination Country,Origin Country,2015,2016,2017,2018,2019,2020
Brunei Darussalam,Total Intra-ASEAN,118719,117525,131351,134596,168705,32571
Brunei Darussalam,Total Country (World),218213,218809,258955,278136,333244,62325
Brunei Darussalam,Total EU-27,7750,6941,7581,7338,5884,2034
Brunei Darussalam,Total EU-28,18879,17301,19673,19304,20082,nan
Brunei Darussalam,Australia [AU],9972,7989,8600,9702,10188,2597
Brunei Darussalam,Austria [AT],122,128,101,158,nan,18
Brunei Darussalam,Bahrain [BH],27,19,131,39,nan,5
Brunei Darussalam,Bangladesh [BD],1531,2627,3553,3878,3281,638
Brunei Darussalam,Belgium [BE],160,137,181,125,nan,46
Brunei Darussalam,Cambodia [KH],251,318,356,420,463,29
Brunei Darussalam,Canada [CA],2245,2013,2344,2256,2322,410
Brunei Darussalam,China [CN],36886,40838,52391,65563,74511,11329
Brunei Darussalam,Czech Republic [CZ],126,167,105,160,nan,73
Brunei Darussalam,Denmark [DK],250,272,251,165,312,51
Brunei Darussalam,Egypt [EG],nan,nan,nan,244,nan,146
Brunei Darussalam,Finland [FI],184,248,149,175,nan,52
Brunei Darussalam,France [FR],1700,1340,1403,1318,1381,234
Brunei Darussalam,Germany [DE],1923,1657,1868,1827,1764,527
Brunei Darussalam,Greece [GR],44,54,67,72,nan,38
Brunei Darussalam,Hong Kong SAR [HK],1617,1931,2172,2650,nan,303
Brunei Darussalam,India [IN],6379,7193,8691,8635,8925,1750
Brunei Darussalam,Indonesia [ID],17152,20844,22420,27462,33626,6262
Brunei Darussalam,Ireland [IE],303,301,348,246,109,92
Brunei Darussalam,Italy [IT],543,512,583,491,612,97
Brunei Darussalam,Japan [JP],4336,4474,5191,5360,10680,2135
Brunei Darussalam,Korea [KR],2871,3551,8705,9125,15767,1939
Brunei Darussalam,Kuwait [KW],33,92,40,127,nan,17
Brunei Darussalam,Lao PDR [LA],125,192,144,233,221,46
Brunei Darussalam,Malaysia [MY],57986,54374,60030,59528,82876,16869
Brunei Darussalam,Myanmar [MM],618,596,643,667,872,75
Brunei Darussalam,Nepal [NP],1092,1129,1861,2308,1926,499
Brunei Darussalam,Netherlands [NL],1348,1020,1301,1218,1360,330
Brunei Darussalam,New Zealand [NZ],1641,1454,1394,1385,1272,229
Brunei Darussalam,Norway [NO],348,229,244,266,280,45
Brunei Darussalam,Oman [OM],366,267,298,277,218,41
Brunei Darussalam,Others Unspecified Countries [O0],3435,3273,3854,4113,9581,825
Brunei Darussalam,Pakistan [PK],621,656,868,881,853,130
Brunei Darussalam,Philippines [PH],17922,17064,23157,22319,24584,4562
Brunei Darussalam,Poland [PL],319,376,312,413,nan,169
Brunei Darussalam,Portugal [PT],153,167,186,325,nan,96
Brunei Darussalam,Qatar [QA],24,21,22,29,nan,5
Brunei Darussalam,Russia [RU],349,242,371,615,nan,175
Brunei Darussalam,Saudi Arabia [SA],264,244,335,275,nan,82
Brunei Darussalam,Singapore [SG],16230,14473,14919,14091,14789,2226
Brunei Darussalam,Spain [ES],283,300,379,369,nan,122
Brunei Darussalam,Sri Lanka [LK],352,291,398,285,278,49
Brunei Darussalam,Sweden [SE],292,262,347,276,346,89
Brunei Darussalam,Switzerland [CH],670,287,420,1682,nan,65
Brunei Darussalam,Taiwan Province of China [TW],1744,1579,1734,nan,nan,nan
Brunei Darussalam,Thailand [TH],5831,6303,6302,5828,5730,1040
Brunei Darussalam,Turkey [TR],nan,nan,nan,238,nan,44
Brunei Darussalam,United Arab Emirates [AE],108,176,120,166,nan,4
Brunei Darussalam,United Kingdom [GB],11129,10360,12092,11966,14198,3407
Brunei Darussalam,United States [US],3704,3408,4194,4137,4375,851
Brunei Darussalam,Viet Nam [VN],2604,3361,3380,4048,5544,1462
Cambodia,Total Intra-ASEAN,2097758,2121220,2161254,2067504,2228185,496466
Cambodia,Total Country (World),4775231,5011712,5602157,6201077,6610592,1306143
Cambodia,Total EU-27,456880,458431,552946,521914,509996,137342
Cambodia,Total EU-28,611145,617920,724108,684309,673173,nan
Cambodia,Afghanistan [AF],121,158,220,276,379,50
Cambodia,Argentina [AR],7870,13497,17626,10972,5899,2624
Cambodia,Australia [AU],134748,146806,143852,127430,123253,23687
Cambodia,Austria [AT],10080,11203,11400,11374,10707,3560
Cambodia,Bangladesh [BD],2057,1851,2227,3206,7081,1621
Cambodia,Belgium [BE],17452,18047,21512,18499,19270,4278
Cambodia,Bhutan [BT],229,226,204,174,265,43
Cambodia,Brazil [BR],10618,12526,17563,12937,10454,3959
Cambodia,Brunei Darussalam [BN],852,1120,1009,790,1131,150
Cambodia,Bulgaria [BG],1771,1837,2754,2817,2941,943
Cambodia,Cameroon [CM],202,120,178,258,372,81
Cambodia,Canada [CA],56834,60715,69077,61551,60189,15580
Cambodia,Chile [CL],4968,6208,6708,7838,6611,1568
Cambodia,China [CN],694712,830003,1210782,2024443,2361849,329673
Cambodia,Colombia [CO],2903,3510,5163,7605,4352,919
Cambodia,Costa Rica [CR],465,581,1046,1490,821,145
Cambodia,Croatia [HR],1304,1213,1890,2363,1527,559
Cambodia,Czech Republic [CZ],5603,5761,8352,7000,7073,2341
Cambodia,Denmark [DK],11553,11462,13910,12688,11843,4366
Cambodia,Ecuador [EC],560,612,929,805,689,126
Cambodia,Egypt [EG],587,696,809,846,1437,280
Cambodia,Estonia [EE],1952,1889,2864,3240,1450,532
Cambodia,Fiji [FJ],191,230,393,262,543,78
Cambodia,Finland [FI],7246,6639,7465,7375,6045,2132
Cambodia,France [FR],145724,150294,166356,170844,164117,43174
Cambodia,Germany [DE],94040,108784,118265,98976,94371,27280
Cambodia,Ghana [GH],93,190,281,502,385,254
Cambodia,Greece [GR],1595,1652,1956,1924,2207,573
Cambodia,Honduras [HN],112,191,174,187,189,41
Cambodia,Hong Kong SAR [HK],14787,15980,13461,12221,2191,273
Cambodia,Hungary [HU],4190,4682,5882,5460,6173,2809
Cambodia,Iceland [IS],727,815,938,761,885,225
Cambodia,India [IN],36671,46131,59571,65882,75286,12919
Cambodia,Indonesia [ID],43147,48771,49878,55753,66804,14564
Cambodia,Iraq [IQ],169,203,289,577,550,111
Cambodia,Ireland [IE],11200,11943,12829,12142,12009,2614
Cambodia,Islamic Republic of Iran [IR],525,600,861,1515,1373,304
Cambodia,Israel [IL],9557,11180,13628,14727,16444,4812
Cambodia,Italy [IT],32177,35794,40329,33979,40916,11058
Cambodia,Jamaica [JM],143,108,173,268,223,38
Cambodia,Japan [JP],193330,191577,203373,210471,207636,41257
Cambodia,Jordan [JO],340,1030,646,495,677,157
Cambodia,Kazakhstan [KZ],2235,1772,2181,1989,2150,639
Cambodia,Kenya [KE],344,417,403,485,561,128
Cambodia,Korea [KR],395259,357194,345081,301770,254874,55935
Cambodia,Kuwait [KW],916,728,519,472,466,83
Cambodia,Kyrgyz Republic [KG],161,175,230,293,385,149
Cambodia,Lao PDR [LA],405359,369335,502219,426180,363951,34352
Cambodia,Latvia [LV],1081,1023,1505,1495,1355,371
Cambodia,Liberia [LR],55,46,61,1399,425,92
Cambodia,Lithuania [LT],1861,2211,2779,2250,2285,946
Cambodia,Luxembourg [LU],690,859,1079,690,931,186
Cambodia,Macao SAR [MO],392,404,539,640,219,30
Cambodia,Malaysia [MY],149389,152843,179316,201116,203008,25734
Cambodia,Malta [MT],462,512,492,439,507,128
Cambodia,Mexico [MX],7128,8301,9631,8705,10502,1564
Cambodia,Monaco [MC],89,78,92,93,84,27
Cambodia,Mongolia [MN],458,478,653,726,1437,322
Cambodia,Morocco [MA],505,509,846,868,993,310
Cambodia,Myanmar [MM],8965,12819,18981,22518,24414,3100
Cambodia,Nepal [NP],2358,2505,2823,3102,4011,680
Cambodia,Netherlands [NL],29015,30885,32457,28911,28284,6556
Cambodia,New Zealand [NZ],23021,24797,29948,24520,23304,4446
Cambodia,Nigeria [NG],1069,1507,1206,535,595,187
Cambodia,Norway [NO],9521,9666,11491,9463,8306,2812
Cambodia,Occupied Palestinian Territory [PS],84,103,117,193,114,38
Cambodia,Oman [OM],214,212,261,259,265,51
Cambodia,Others Unspecified Countries [O0],18037,65755,39245,18788,6006,1120
Cambodia,Pakistan [PK],1521,1627,2019,3567,4835,1125
Cambodia,Peru [PE],1060,1679,1794,1939,1823,347
Cambodia,Philippines [PH],84677,108032,98499,92451,105017,14760
Cambodia,Poland [PL],14008,15912,19426,20758,19618,7610
Cambodia,Portugal [PT],5947,7526,8091,7164,8299,1768
Cambodia,Qatar [QA],117,87,100,117,111,17
Cambodia,Republic of Congo [CG],107,110,90,305,434,20
Cambodia,Romania [RO],2414,2620,3637,3866,3701,1334
Cambodia,Russia [RU],55500,53164,65275,64726,55653,21944
Cambodia,Saudi Arabia [SA],307,349,260,321,493,90
Cambodia,Serbia and Montenegro [ZB],863,1052,1191,1249,1202,523
Cambodia,Singapore [SG],67669,70556,81063,86251,88564,10731
Cambodia,Slovak Republic [SK],2266,2740,3587,4120,3115,1146
Cambodia,Slovenia [SI],1257,1218,1686,1565,1756,545
Cambodia,South Africa [ZA],5336,5743,6956,6599,7711,1757
Cambodia,Spain [ES],34847,4047,44267,46835,45416,5805
Cambodia,Sri Lanka [LK],1933,2412,2625,3898,4823,864
Cambodia,Sudan [SD],131,123,147,224,243,43
Cambodia,Sweden [SE],17145,17678,18176,15140,14080,4728
Cambodia,Switzerland [CH],21979,26582,23876,20082,19696,5684
Cambodia,Syria [SY],260,629,548,480,499,85
Cambodia,Taiwan Province of China [TW],109727,104765,121023,134637,138402,22939
Cambodia,Thailand [TH],349908,398081,394934,382317,466493,210876
Cambodia,Timor-Leste [TL],nan,nan,nan,nan,nan,20
Cambodia,Tunisia [TN],207,392,308,302,844,130
Cambodia,Turkey [TR],5802,6623,8422,7427,6666,2385
Cambodia,Ukraine [UA],5322,5414,6125,7424,7476,3131
Cambodia,United Arab Emirates [AE],367,333,251,248,754,102
Cambodia,United Kingdom [GB],154265,159489,171162,162395,163177,44784
Cambodia,United States [US],217510,238658,256544,250813,248863,55973
Cambodia,Uruguay [UY],1004,1166,1816,1347,2170,271
Cambodia,Uzbekistan [UZ],735,491,572,551,701,292
Cambodia,Venezuela [VE],723,469,744,356,529,120
Cambodia,Viet Nam [VN],987792,959663,835355,800128,908803,182199
Cambodia,Yemen [YE],452,313,610,653,576,251
Indonesia,Total Intra-ASEAN,3860652,3817500,4524646,5453330,6157190,1521447
Indonesia,Total Country (World),10406759,11519275,14039799,15810305,16106954,4052923
Indonesia,Total EU-27,883697,1049790,1331779,1362608,1378217,266593
Indonesia,Total EU-28,1176442,1401807,1709910,1754720,1775901,nan
Indonesia,Afghanistan [AF],nan,nan,595,1139,703,103
Indonesia,Albania [AL],nan,nan,592,758,1041,196
Indonesia,Algeria [DZ],nan,nan,4341,4214,5000,792
Indonesia,American Samoa [AS],nan,nan,nan,117,89,1
Indonesia,Andorra [AD],nan,nan,191,219,235,26
Indonesia,Angola [AO],nan,nan,273,250,208,65
Indonesia,Antigua and Barbuda [AG],nan,nan,202,175,194,42
Indonesia,Argentina [AR],nan,nan,15280,11468,9994,3066
Indonesia,Armenia [AM],nan,nan,772,857,1281,258
Indonesia,Aruba [AW],nan,nan,nan,nan,81,24
Indonesia,ASEAN not specified [A],nan,207727,nan,nan,nan,nan
Indonesia,Australia [AU],1099058,1302292,1256927,1301478,1386803,256291
Indonesia,Austria [AT],22791,24375,27208,29492,28476,4858
Indonesia,Azerbaijan [AZ],nan,nan,4405,1233,1445,374
Indonesia,Bahrain [BH],1687,2243,2457,2324,2631,373
Indonesia,Bangladesh [BD],16162,39026,56503,56564,59777,12866
Indonesia,Belarus [BY],nan,nan,4576,4821,6644,3092
Indonesia,Belgium [BE],38842,43607,48477,50050,46780,5902
Indonesia,Belize [BZ],nan,nan,69,46,51,11
Indonesia,Benin [BJ],nan,nan,133,214,153,15
Indonesia,Bhutan [BT],nan,nan,610,674,867,194
Indonesia,Bolivia [BO],nan,nan,454,462,484,93
Indonesia,Bosnia and Herzegovina [BA],nan,nan,1784,1057,1354,280
Indonesia,Botswana [BW],nan,nan,224,304,382,98
Indonesia,Brazil [BR],nan,nan,32403,26503,30232,5945
Indonesia,Brunei Darussalam [BN],18304,23693,23455,17279,19278,2701
Indonesia,Bulgaria [BG],nan,nan,8695,8405,7652,2575
Indonesia,Burkina Faso [BF],nan,nan,200,227,189,45
Indonesia,Burundi [BI],nan,nan,24,36,54,6
Indonesia,Cabo Verde [CV],nan,nan,130,149,189,49
Indonesia,Cambodia [KH],5969,nan,6506,8875,13843,2227
Indonesia,Cameroon [CM],nan,nan,294,266,242,68
Indonesia,Canada [CA],75816,86804,96139,97908,103616,23200
Indonesia,Central African Republic [CF],nan,nan,12,14,170,7
Indonesia,Chad [TD],nan,nan,144,95,122,28
Indonesia,Chile [CL],nan,nan,10049,11008,10029,2615
Indonesia,China [CN],1260700,1556771,2093171,2139161,2072252,239768
Indonesia,Colombia [CO],nan,nan,5051,5445,6304,1324
Indonesia,Comoros [KM],nan,nan,227,203,304,51
Indonesia,Cook Islands [CK],nan,nan,nan,1,nan,nan
Indonesia,Costa Rica [CR],nan,nan,5277,855,899,180
Indonesia,Côte d'Ivoire [CI],nan,nan,488,834,729,123
Indonesia,Croatia [HR],nan,nan,6620,4115,5257,1388
Indonesia,Cuba [CU],nan,nan,634,526,764,171
Indonesia,Cyprus [CY],nan,nan,1909,1899,3913,650
Indonesia,Czech Republic [CZ],nan,nan,20125,22848,23941,6178
Indonesia,Democratic People's Republic of Korea [KP],nan,nan,140,622,241,9
Indonesia,Democratic Republic of the Congo [CD],nan,nan,186,185,158,43
Indonesia,Denmark [DK],28020,36380,43721,46825,45090,10533
Indonesia,Djibouti [DJ],nan,nan,56,50,54,21
Indonesia,Dominica [DM],nan,nan,nan,171,282,66
Indonesia,Dominican Republic [DO],nan,nan,393,288,407,66
Indonesia,Ecuador [EC],nan,nan,1165,1176,1397,236
Indonesia,Egypt [EG],13102,19948,20345,18075,21354,4337
Indonesia,El Salvador [SV],nan,nan,405,262,306,48
Indonesia,Equatorial Guinea [GQ],nan,nan,3,11,47,19
Indonesia,Eritrea [ER],nan,nan,118,312,205,40
Indonesia,Estonia [EE],nan,nan,7569,7719,6644,3099
Indonesia,Ethiopia [ET],nan,nan,1276,528,577,108
Indonesia,Fiji [FJ],nan,nan,1814,1158,1507,369
Indonesia,Finland [FI],19029,21031,24447,27127,22665,6376
Indonesia,France [FR],212575,256229,274117,287917,283814,43438
Indonesia,French Guiana [GF],nan,nan,nan,5,3,2
Indonesia,French Polynesia [PF],nan,nan,83,nan,nan,nan
Indonesia,FYR Macedonia [MK],nan,nan,1384,1002,1145,217
Indonesia,Georgia [GE],nan,nan,1265,631,768,327
Indonesia,Germany [DE],203611,243873,267823,274166,277653,46361
Indonesia,Ghana [GH],nan,nan,1603,1373,1864,446
Indonesia,Greece [GR],nan,nan,9896,7713,9712,2047
Indonesia,Grenada [GD],nan,nan,63,112,89,28
Indonesia,Guadeloupe [GP],nan,nan,3,nan,nan,1
Indonesia,Guatemala [GT],nan,nan,574,467,503,67
Indonesia,Guinea [GN],nan,nan,82,87,56,25
Indonesia,Guinea-Bissau [GW],nan,nan,85,133,108,20
Indonesia,Guyana [GY],nan,nan,112,77,88,17
Indonesia,Haiti [HT],nan,nan,60,74,102,22
Indonesia,Holy See [VA],nan,nan,30,36,35,5
Indonesia,Honduras [HN],nan,nan,503,331,340,87
Indonesia,Hong Kong SAR [HK],94109,101369,98272,91182,50324,2625
Indonesia,Hungary [HU],nan,nan,12600,13434,14218,3664
Indonesia,Iceland [IS],nan,nan,4776,2445,2483,491
Indonesia,India [IN],319608,422045,536902,595636,657300,111724
Indonesia,Indonesia [ID],266211,nan,241831,704824,664645,151163
Indonesia,Iraq [IQ],nan,nan,2167,2356,2933,817
Indonesia,Ireland [IE],nan,nan,29400,28743,28602,5167
Indonesia,Islamic Republic of Iran [IR],nan,nan,16301,11415,10440,1354
Indonesia,Israel [IL],nan,nan,688,473,924,338
Indonesia,Italy [IT],69427,79424,90022,94288,91229,13260
Indonesia,Jamaica [JM],nan,nan,662,423,558,112
Indonesia,Japan [JP],549705,545392,573310,530573,519623,92228
Indonesia,Jordan [JO],nan,nan,6773,6228,6571,1027
Indonesia,Kazakhstan [KZ],nan,nan,7219,7955,9781,3735
Indonesia,Kenya [KE],nan,nan,3785,3020,2845,429
Indonesia,Kiribati [KI],nan,nan,169,52,50,21
Indonesia,Korea [KR],387473,386789,423191,358885,388316,75562
Indonesia,Kuwait [KW],8320,6368,5760,5551,5762,846
Indonesia,Kyrgyz Republic [KG],nan,nan,1254,1237,1332,609
Indonesia,Lao PDR [LA],2208,nan,4036,3809,4142,753
Indonesia,Latvia [LV],nan,nan,3932,4213,5278,1860
Indonesia,Lebanon [LB],nan,nan,6115,5228,6066,684
Indonesia,Lesotho [LS],nan,nan,45,122,95,15
Indonesia,Liberia [LR],nan,nan,103,65,93,68
Indonesia,Libya [LY],nan,nan,1815,1911,2623,548
Indonesia,Liechtenstein [LI],nan,nan,224,228,412,45
Indonesia,Lithuania [LT],nan,nan,8550,8497,9180,3038
Indonesia,Luxembourg [LU],nan,nan,1720,2062,1869,228
Indonesia,Macao SAR [MO],nan,nan,618,309,401,121
Indonesia,Madagascar [MG],nan,nan,470,555,492,102
Indonesia,Malawi [MW],nan,nan,197,165,167,35
Indonesia,Malaysia [MY],1458593,1541197,2121888,2503344,2980753,980118
Indonesia,Maldives [MV],nan,nan,2668,2559,2845,516
Indonesia,Mali [ML],nan,nan,444,397,278,73
Indonesia,Malta [MT],nan,nan,2173,1279,1355,238
Indonesia,Marshall Islands [MH],nan,nan,25,46,27,7
Indonesia,Martinique [MQ],nan,nan,nan,6,1,nan
Indonesia,Mauritania [MR],nan,nan,197,192,158,41
Indonesia,Mauritius [MU],nan,nan,3702,3953,4434,611
Indonesia,Mexico [MX],nan,nan,11497,12418,13663,2375
Indonesia,Micronesia [FM],nan,nan,5,42,11,1
Indonesia,Moldova [MD],nan,nan,1030,835,1135,385
Indonesia,Monaco [MC],nan,nan,266,134,92,28
Indonesia,Mongolia [MN],nan,nan,2414,3679,4260,1483
Indonesia,Morocco [MA],nan,nan,11122,7920,11371,1707
Indonesia,Mozambique [MZ],nan,nan,411,422,507,153
Indonesia,Myanmar [MM],40635,44721,48133,28612,46381,12669
Indonesia,Namibia [NA],nan,nan,459,534,598,116
Indonesia,Nauru [NR],nan,nan,67,78,23,7
Indonesia,Nepal [NP],nan,nan,12821,14968,18977,3916
Indonesia,Netherlands [NL],175317,200811,210426,209978,215287,53495
Indonesia,New Caledonia [NC],nan,nan,3,nan,2,nan
Indonesia,New Zealand [NZ],87923,105393,106914,128366,149010,19947
Indonesia,Nicaragua [NI],nan,nan,142,142,165,30
Indonesia,Niger [NE],nan,nan,91,75,55,8
Indonesia,Nigeria [NG],nan,nan,4197,4736,3262,471
Indonesia,Norway [NO],18842,19478,22838,24906,23886,5072
Indonesia,Occupied Palestinian Territory [PS],nan,nan,2035,2604,3082,647
Indonesia,Oman [OM],nan,nan,18615,25704,24051,3612
Indonesia,Others Unspecified Countries [O0],580132,709585,7455,6340,6573,1412
Indonesia,Pakistan [PK],7976,10098,11424,13448,14663,4110
Indonesia,Palau [PW],nan,nan,18,69,690,2
Indonesia,Panama [PA],nan,nan,572,526,522,106
Indonesia,Papua New Guinea [PG],nan,nan,141299,142648,78433,20975
Indonesia,Paraguay [PY],nan,nan,434,233,287,57
Indonesia,Peru [PE],nan,nan,2676,2614,2848,594
Indonesia,Philippines [PH],273630,298910,308977,217874,260980,50413
Indonesia,Poland [PL],nan,nan,32704,31471,41637,9055
Indonesia,Portugal [PT],22206,29286,33223,36804,35434,6245
Indonesia,Puerto Rico [PR],nan,nan,nan,nan,5,1
Indonesia,Qatar [QA],1608,1856,1859,2104,1989,225
Indonesia,Republic of Congo [CG],nan,nan,nan,42,82,7
Indonesia,Romania [RO],nan,nan,18787,14092,18650,4320
Indonesia,Russia [RU],72707,88520,117532,125728,158943,67491
Indonesia,Rwanda [RW],nan,nan,417,153,151,33
Indonesia,Samoa [WS],nan,nan,102,12,17,26
Indonesia,San Marino [SM],nan,nan,57,57,40,16
Indonesia,São Tomé and Príncipe [ST],nan,nan,9,19,27,6
Indonesia,Saudi Arabia [SA],164778,197681,182086,165912,157512,31906
Indonesia,Senegal [SN],nan,nan,690,1002,686,133
Indonesia,Serbia and Montenegro [ZB],nan,nan,7054,4226,5848,1404
Indonesia,Seychelles [SC],nan,nan,451,265,353,72
Indonesia,Sierra Leone [SL],nan,nan,593,431,312,74
Indonesia,Singapore [SG],1624058,1515699,1554119,1768744,1934445,280492
Indonesia,Slovak Republic [SK],nan,nan,9264,9058,9359,2203
Indonesia,Slovenia [SI],nan,nan,5264,4472,4747,986
Indonesia,Solomon Islands [SB],nan,nan,160,192,224,81
Indonesia,South Africa [ZA],23052,29229,38073,41962,47657,7350
Indonesia,Spain [ES],53891,68840,81690,85560,83373,11829
Indonesia,Sri Lanka [LK],11496,24256,35669,32508,28907,4300
Indonesia,St. Kitts and Nevis [KN],nan,nan,189,175,243,57
Indonesia,St. Lucia [LC],nan,nan,73,87,38,11
Indonesia,St. Vincent and the Grenadines [VC],nan,nan,20,37,32,12
Indonesia,Sudan [SD],nan,nan,2571,2578,2391,718
Indonesia,Suriname [SR],nan,nan,325,341,353,48
Indonesia,Swaziland [SZ],nan,nan,411,332,274,33
Indonesia,Sweden [SE],37988,45934,51417,50381,56402,17600
Indonesia,Switzerland [CH],52309,56700,61191,60293,57484,8362
Indonesia,Syria [SY],nan,nan,2328,1941,2322,428
Indonesia,Taiwan Province of China [TW],227912,252849,264278,208317,207490,35680
Indonesia,Tajikistan [TJ],nan,nan,350,525,448,125
Indonesia,Thailand [TH],120879,124569,138235,124153,136699,21303
Indonesia,The Bahamas [BS],nan,nan,168,114,172,18
Indonesia,The Gambia [GM],nan,nan,256,344,299,57
Indonesia,Timor-Leste [TL],nan,nan,960026,1762442,1178381,994590
Indonesia,Togo [TG],nan,nan,132,94,140,19
Indonesia,Tonga [TO],nan,nan,140,139,138,23
Indonesia,Trinidad and Tobago [TT],nan,nan,608,447,450,80
Indonesia,Tunisia [TN],nan,nan,6922,3867,4335,645
Indonesia,Turkey [TR],nan,nan,34433,20861,23883,6038
Indonesia,Turkmenistan [TM],nan,nan,233,426,356,127
Indonesia,Tuvalu [TV],nan,nan,23,28,18,6
Indonesia,Ukraine [UA],nan,nan,32964,26697,35537,16491
Indonesia,United Arab Emirates [AE],10325,9016,8387,7100,9065,1093
Indonesia,United Kingdom [GB],292745,352017,378131,392112,397684,69997
Indonesia,United States [US],276027,316782,344766,387856,457832,91782
Indonesia,Uruguay [UY],nan,nan,1578,1934,2063,845
Indonesia,Uzbekistan [UZ],nan,nan,4057,3548,3756,1586
Indonesia,Vanuatu [VU],nan,nan,185,130,191,29
Indonesia,Venezuela [VE],nan,nan,2388,1602,1548,300
Indonesia,Viet Nam [VN],50165,60984,77466,75816,96024,19608
Indonesia,Western Sahara [EH],nan,nan,nan,nan,2,nan
Indonesia,Yemen [YE],8838,9478,8453,10008,9221,2094
Lao PDR,Total Intra-ASEAN,3588538,3083383,2747096,2886844,3198829,555519
Lao PDR,Total Country (World),4684429,4239047,3868838,4186432,4791065,886447
Lao PDR,Total EU-27,132369,136579,94592,101601,110459,37911
Lao PDR,Total EU-28,173877,175749,122315,128402,142435,nan
Lao PDR,Australia [AU],34665,33077,20886,19607,24750,7271
Lao PDR,Austria [AT],3910,5324,2874,3237,3320,1250
Lao PDR,Belgium [BE],5289,5682,4371,5322,6099,1970
Lao PDR,Brunei Darussalam [BN],865,484,342,278,389,103
Lao PDR,Cambodia [KH],20625,16536,15108,18908,28342,5012
Lao PDR,Canada [CA],19785,19315,13467,10759,12873,4638
Lao PDR,China [CN],511436,545493,639185,805833,1022727,138466
Lao PDR,Denmark [DK],4491,4479,3198,3892,3134,1591
Lao PDR,Finland [FI],3013,3218,2023,2287,1719,780
Lao PDR,France [FR],55151,54953,36760,39315,44416,15509
Lao PDR,Germany [DE],31897,34018,23776,22915,25346,8632
Lao PDR,Greece [GR],878,593,481,520,586,246
Lao PDR,India [IN],5492,8249,4343,4864,8152,1743
Lao PDR,Indonesia [ID],6019,5010,3241,3487,5161,1217
Lao PDR,Israel [IL],4163,3593,2128,2997,4041,1664
Lao PDR,Italy [IT],8990,10052,7537,6198,7330,2751
Lao PDR,Japan [JP],43826,49191,32064,38985,41736,11085
Lao PDR,Korea [KR],165328,173260,170571,174405,203191,40210
Lao PDR,Malaysia [MY],24095,24391,19114,26002,28321,5800
Lao PDR,Myanmar [MM],2661,3695,2848,22132,22524,1417
Lao PDR,Netherlands [NL],8429,7004,5500,7804,8877,2287
Lao PDR,New Zealand [NZ],4798,4787,3202,3460,3965,1226
Lao PDR,Norway [NO],3499,4018,2334,2913,2248,874
Lao PDR,Others Unspecified Countries [O0],37524,43197,49211,34650,37412,48353
Lao PDR,Philippines [PH],16709,16750,10168,10826,17187,3679
Lao PDR,Russia [RU],12532,13033,10986,8963,12054,3144
Lao PDR,Singapore [SG],8258,8512,6829,7692,11730,2008
Lao PDR,Spain [ES],4856,5461,4589,5309,6157,1476
Lao PDR,Sweden [SE],5465,5795,3483,4802,3475,1419
Lao PDR,Switzerland [CH],9777,10603,7956,9749,8512,2921
Lao PDR,Taiwan Province of China [TW],6131,14005,4329,4823,6956,1714
Lao PDR,Thailand [TH],2321352,2009605,1797803,1929934,2160300,350103
Lao PDR,United Kingdom [GB],41508,39170,27723,26801,31976,11592
Lao PDR,United States [US],63058,58094,38765,49178,61184,18116
Lao PDR,Viet Nam [VN],1187954,998400,891643,867585,924875,186180
Malaysia,Total Intra-ASEAN,19146514,20271144,19478575,18114446,17880151,2949363
Malaysia,Total Country (World),25721251,26757392,25948459,25832354,26100784,4332722
Malaysia,Total EU-27,585835,514230,552155,565182,573035,131865
Malaysia,Total EU-28,986854,914499,910973,926517,919520,nan
Malaysia,Argentina [AR],nan,nan,12667,nan,nan,2388
Malaysia,Australia [AU],486948,377727,351232,351500,368271,72680
Malaysia,Austria [AT],nan,nan,10366,nan,nan,3289
Malaysia,Azerbaijan [AZ],nan,nan,1035,nan,nan,278
Malaysia,Bangladesh [BD],147152,nan,111836,150054,179000,17634
Malaysia,Belgium [BE],18789,14283,17327,20624,22082,3734
Malaysia,Brazil [BR],13114,nan,9657,nan,nan,3236
Malaysia,Brunei Darussalam [BN],1133555,1391016,1660506,1382031,1216123,136020
Malaysia,Cambodia [KH],75059,61844,42004,90113,97097,16548
Malaysia,Canada [CA],79557,72337,67056,84705,87568,16631
Malaysia,China [CN],1677163,2124942,2281666,2944133,3114257,405149
Malaysia,Czech Republic [CZ],nan,nan,10768,nan,nan,4409
Malaysia,Denmark [DK],24113,21612,23219,23566,22314,6061
Malaysia,Egypt [EG],25637,30231,23760,27909,29831,6204
Malaysia,Finland [FI],14995,nan,6794,nan,nan,6320
Malaysia,France [FR],151474,134257,131668,139408,141661,28237
Malaysia,Germany [DE],144910,130276,109816,128895,130221,27458
Malaysia,India [IN],722141,nan,552739,600311,735309,155883
Malaysia,Indonesia [ID],2788033,3049964,2796570,3277689,3623277,711723
Malaysia,Iraq [IQ],20098,nan,18555,22291,21421,3628
Malaysia,Ireland [IE],22746,18208,20854,19687,19696,3735
Malaysia,Islamic Republic of Iran [IR],65066,nan,59023,67094,46559,7078
Malaysia,Italy [IT],51946,42747,44638,52055,54710,8971
Malaysia,Japan [JP],483569,413768,392777,394540,424694,74383
Malaysia,Kazakhstan [KZ],15410,nan,12577,13861,18138,6065
Malaysia,Kenya [KE],nan,nan,4449,nan,nan,941
Malaysia,Korea [KR],421161,444439,484528,616783,673065,119750
Malaysia,Kuwait [KW],15871,13562,9247,nan,nan,1464
Malaysia,Lao PDR [LA],24448,31061,39460,23782,26955,5424
Malaysia,Luxembourg [LU],nan,nan,700,nan,nan,123
Malaysia,Mauritius [MU],nan,nan,17227,nan,nan,2179
Malaysia,Mexico [MX],nan,nan,6344,nan,nan,1288
Malaysia,Morocco [MA],nan,nan,1343,nan,nan,2069
Malaysia,Myanmar [MM],66553,49175,42314,38513,46257,9745
Malaysia,Namibia [NA],nan,nan,266,nan,nan,56
Malaysia,Nepal [NP],93159,nan,20553,19914,20437,5067
Malaysia,Netherlands [NL],84584,72200,75885,81651,82110,14486
Malaysia,New Zealand [NZ],60846,53352,55923,50698,50140,8794
Malaysia,Nicaragua [NI],nan,nan,48,nan,nan,17
Malaysia,Nigeria [NG],nan,nan,8378,nan,nan,1878
Malaysia,Norway [NO],18622,14709,14121,15202,14585,3552
Malaysia,Oman [OM],31934,23770,16282,nan,nan,3264
Malaysia,Others Unspecified Countries [O0],320900,1223374,130433,420230,440935,50108
Malaysia,Pakistan [PK],69112,nan,53453,74458,105757,17777
Malaysia,Panama [PA],nan,nan,155,nan,nan,142
Malaysia,Paraguay [PY],nan,nan,145,nan,nan,25
Malaysia,Philippines [PH],554917,417446,370559,396062,421908,66051
Malaysia,Poland [PL],nan,19768,20067,24364,27033,7539
Malaysia,Portugal [PT],nan,nan,10600,nan,nan,1844
Malaysia,Qatar [QA],nan,nan,2263,nan,nan,227
Malaysia,Russia [RU],55263,50893,67564,72785,79984,28694
Malaysia,Saudi Arabia [SA],99754,123878,100549,112263,121444,23390
Malaysia,Singapore [SG],12930754,13272961,12441713,10615986,10163882,1545255
Malaysia,South Africa [ZA],20625,20053,21560,21977,22674,3876
Malaysia,Spain [ES],36692,28018,35149,42267,43616,6367
Malaysia,Sri Lanka [LK],51337,nan,43738,28376,26058,8142
Malaysia,Sudan [SD],13147,nan,5494,nan,nan,2788
Malaysia,Sweden [SE],35586,32861,34304,32665,29592,9292
Malaysia,Switzerland [CH],28141,26628,20775,25680,25659,5263
Malaysia,Syria [SY],nan,nan,6037,nan,nan,2098
Malaysia,Taiwan Province of China [TW],283224,300861,332927,383922,382916,60090
Malaysia,Thailand [TH],1343569,1780800,1836522,1914692,1884306,394413
Malaysia,Tunisia [TN],nan,nan,4431,nan,nan,786
Malaysia,Turkey [TR],15395,13029,14594,15406,15290,3152
Malaysia,Ukraine [UA],nan,12971,13068,14529,16019,6326
Malaysia,United Arab Emirates [AE],15769,14150,8555,9386,11174,679
Malaysia,United Kingdom [GB],401019,400269,358818,361335,346485,63868
Malaysia,United States [US],237768,217075,198203,253384,269928,48810
Malaysia,Uzbekistan [UZ],nan,nan,1257,nan,nan,3444
Malaysia,Venezuela [VE],nan,nan,421,nan,nan,253
Malaysia,Viet Nam [VN],229626,216877,248927,375578,400346,64184
Myanmar,Total Intra-ASEAN,1762886,402862,1730435,1918268,2123313,493581
Myanmar,Total Country (World),4681020,2907207,3443133,3549428,4364101,903343
Myanmar,Total EU-27,156453,148672,184768,143225,148213,46848
Myanmar,Total EU-28,201573,199723,232485,179588,182298,nan
Myanmar,Afghanistan [AF],24,nan,128,76,27,29
Myanmar,Albania [AL],39,nan,56,98,89,13
Myanmar,Algeria [DZ],43,nan,55,28,35,22
Myanmar,Andorra [AD],12,nan,nan,18,35,5
Myanmar,Angola [AO],9,nan,26,9,10,1
Myanmar,Antigua and Barbuda [AG],11,nan,50,nan,6,1
Myanmar,Argentina [AR],983,nan,1646,1351,1052,415
Myanmar,Armenia [AM],50,nan,905,102,92,22
Myanmar,Australia [AU],30820,34010,32628,27962,25867,5952
Myanmar,Austria [AT],4398,4857,4690,3405,3729,1658
Myanmar,Azerbaijan [AZ],82,nan,62,174,95,32
Myanmar,Bahrain [BH],12,nan,nan,64,35,nan
Myanmar,Bangladesh [BD],4237,nan,4602,4195,4289,1079
Myanmar,Belarus [BY],183,nan,289,258,322,98
Myanmar,Belgium [BE],6666,7783,7628,6087,5733,1972
Myanmar,Belize [BZ],18,nan,nan,26,147,19
Myanmar,Benin [BJ],4,nan,99,2,5,nan
Myanmar,Bhutan [BT],136,nan,174,154,226,45
Myanmar,Bolivia [BO],92,nan,140,144,90,14
Myanmar,Bosnia and Herzegovina [BA],65,nan,69,65,78,14
Myanmar,Botswana [BW],12,nan,12,3,7,nan
Myanmar,Brazil [BR],2396,nan,3316,2594,2359,780
Myanmar,Brunei Darussalam [BN],461,nan,632,532,454,77
Myanmar,Bulgaria [BG],487,nan,435,430,498,171
Myanmar,Burkina Faso [BF],5,nan,10,16,4,4
Myanmar,Burundi [BI],4,nan,nan,nan,16,2
Myanmar,Cabo Verde [CV],4,nan,nan,nan,4,2
Myanmar,Cambodia [KH],5033,nan,5531,6457,7879,1802
Myanmar,Cameroon [CM],62,nan,118,60,72,15
Myanmar,Canada [CA],14051,15024,14068,11065,11060,2735
Myanmar,Central African Republic [CF],nan,nan,nan,nan,5,nan
Myanmar,Chad [TD],284,nan,nan,nan,nan,nan
Myanmar,Chile [CL],1747,nan,2001,1671,1350,436
Myanmar,China [CN],2102677,183886,996916,963190,1463054,230375
Myanmar,Colombia [CO],726,nan,1279,1157,1117,284
Myanmar,Comoros [KM],2,nan,nan,nan,nan,nan
Myanmar,Costa Rica [CR],134,nan,173,177,196,40
Myanmar,Côte d'Ivoire [CI],46,nan,51,59,91,23
Myanmar,Croatia [HR],419,nan,321,150,239,136
Myanmar,Cuba [CU],31,nan,40,nan,34,10
Myanmar,Cyprus [CY],70,nan,104,88,116,13
Myanmar,Czech Republic [CZ],1163,nan,2384,2203,2074,901
Myanmar,Democratic People's Republic of Korea [KP],66,nan,798,1851,100,11
Myanmar,Democratic Republic of the Congo [CD],nan,nan,30,21,28,7
Myanmar,Denmark [DK],4898,nan,4602,3977,3674,1198
Myanmar,Djibouti [DJ],nan,nan,4,5,nan,nan
Myanmar,Dominica [DM],5,nan,nan,2,17,8
Myanmar,Dominican Republic [DO],31,nan,57,33,21,4
Myanmar,Ecuador [EC],136,nan,174,144,170,23
Myanmar,Egypt [EG],306,nan,235,124,299,83
Myanmar,El Salvador [SV],38,nan,25,57,55,3
Myanmar,Equatorial Guinea [GQ],nan,nan,3,2,1,nan
Myanmar,Eritrea [ER],5,nan,nan,1,nan,nan
Myanmar,Estonia [EE],415,nan,441,239,335,154
Myanmar,Ethiopia [ET],53,nan,144,53,97,41
Myanmar,Faeroe Islands [FO],1,nan,nan,nan,nan,nan
Myanmar,Fiji [FJ],128,nan,102,76,90,14
Myanmar,Finland [FI],2011,nan,2081,1593,1700,518
Myanmar,France [FR],47435,52304,58369,43218,42608,15520
Myanmar,FYR Macedonia [MK],51,nan,48,nan,26,9
Myanmar,Georgia [GE],62,nan,62,65,86,25
Myanmar,Germany [DE],35727,39044,39952,28838,29447,9052
Myanmar,Ghana [GH],82,nan,181,73,157,30
Myanmar,Gibraltar [GI],5,nan,nan,nan,nan,nan
Myanmar,Greece [GR],591,nan,654,564,588,152
Myanmar,Grenada [GD],6,nan,nan,nan,nan,nan
Myanmar,Guadeloupe [GP],2,nan,nan,nan,nan,nan
Myanmar,Guatemala [GT],85,nan,108,115,107,20
Myanmar,Guinea [GN],37,nan,nan,nan,3,2
Myanmar,Guinea-Bissau [GW],2,nan,164,23,19,nan
Myanmar,Guyana [GY],7,nan,8,28,nan,1
Myanmar,Haiti [HT],22,nan,16,2,5,1
Myanmar,Holy See [VA],2,nan,33,6,nan,nan
Myanmar,Honduras [HN],61,nan,51,27,16,3
Myanmar,Hong Kong SAR [HK],2913,nan,392,7183,32005,4393
Myanmar,Hungary [HU],868,nan,1016,892,1180,406
Myanmar,Iceland [IS],152,nan,154,110,81,53
Myanmar,India [IN],59692,38537,86907,102702,117317,24831
Myanmar,Indonesia [ID],14683,nan,11517,12898,15558,3653
Myanmar,Iraq [IQ],9,nan,17,27,19,9
Myanmar,Ireland [IE],2907,nan,3030,2173,2054,508
Myanmar,Islamic Republic of Iran [IR],273,nan,157,231,146,41
Myanmar,Israel [IL],2814,nan,3942,3535,3814,1350
Myanmar,Italy [IT],14841,17969,18242,16855,19121,5794
Myanmar,Jamaica [JM],95,nan,75,71,62,11
Myanmar,Japan [JP],90312,100784,101484,104376,125706,26100
Myanmar,Jordan [JO],137,nan,140,124,122,24
Myanmar,Kazakhstan [KZ],272,nan,288,322,315,89
Myanmar,Kenya [KE],193,nan,270,147,307,99
Myanmar,Korea [KR],63715,64397,65829,71218,111794,19363
Myanmar,Kuwait [KW],57,nan,76,84,103,17
Myanmar,Kyrgyz Republic [KG],87,nan,117,73,80,27
Myanmar,Lao PDR [LA],2295,nan,2308,2665,2783,505
Myanmar,Latvia [LV],208,nan,215,nan,196,74
Myanmar,Lebanon [LB],228,nan,208,227,192,53
Myanmar,Lesotho [LS],7,nan,nan,nan,2,1
Myanmar,Liberia [LR],53,nan,59,31,71,18
Myanmar,Libya [LY],1,nan,nan,nan,7,1
Myanmar,Liechtenstein [LI],23,nan,24,nan,6,3
Myanmar,Lithuania [LT],554,nan,649,346,500,316
Myanmar,Luxembourg [LU],345,nan,327,286,257,85
Myanmar,Macao SAR [MO],249,nan,24,855,3352,388
Myanmar,Madagascar [MG],40,nan,50,47,27,7
Myanmar,Malawi [MW],18,nan,47,38,61,2
Myanmar,Malaysia [MY],40852,43931,47010,47632,44203,8497
Myanmar,Maldives [MV],81,nan,29,30,36,6
Myanmar,Mali [ML],8,nan,nan,2,10,nan
Myanmar,Malta [MT],118,nan,178,88,118,47
Myanmar,Marshall Islands [MH],nan,nan,11,17,12,7
Myanmar,Mauritania [MR],13,nan,nan,nan,1,nan
Myanmar,Mauritius [MU],198,nan,197,81,125,17
Myanmar,Mexico [MX],2111,nan,2582,2375,2563,433
Myanmar,Moldova [MD],22,nan,15,nan,17,nan
Myanmar,Monaco [MC],44,nan,33,18,24,6
Myanmar,Mongolia [MN],191,nan,328,384,483,97
Myanmar,Morocco [MA],79,nan,120,100,146,31
Myanmar,Mozambique [MZ],4,nan,61,21,13,5
Myanmar,Namibia [NA],8,nan,25,18,33,5
Myanmar,Nauru [NR],nan,nan,nan,nan,2,nan
Myanmar,Nepal [NP],1496,nan,2205,2487,3609,716
Myanmar,Netherlands [NL],12174,13950,13514,9428,9600,2648
Myanmar,New Zealand [NZ],4547,5026,4808,4285,4000,822
Myanmar,Nicaragua [NI],42,nan,42,54,56,11
Myanmar,Niger [NE],47,nan,nan,nan,90,1
Myanmar,Nigeria [NG],315,nan,493,323,581,212
Myanmar,Norway [NO],4428,nan,4414,3312,3200,840
Myanmar,Occupied Palestinian Territory [PS],10,nan,56,5,15,nan
Myanmar,Oman [OM],9,nan,14,18,20,9
Myanmar,Others Unspecified Countries [O0],192641,1730954,459,3946,402,nan
Myanmar,Pakistan [PK],1647,nan,2101,1528,1620,334
Myanmar,Palau [PW],1,nan,nan,nan,nan,nan
Myanmar,Panama [PA],48,nan,56,48,55,16
Myanmar,Papua New Guinea [PG],20,nan,44,20,32,6
Myanmar,Paraguay [PY],26,nan,51,14,2,4
Myanmar,Peru [PE],275,nan,316,310,338,83
Myanmar,Philippines [PH],19075,16421,18143,16748,17398,3311
Myanmar,Poland [PL],3223,nan,4189,3840,3843,1420
Myanmar,Portugal [PT],1690,nan,2343,2158,2158,618
Myanmar,Puerto Rico [PR],nan,nan,nan,nan,2,nan
Myanmar,Qatar [QA],51,nan,55,69,82,10
Myanmar,Republic of Congo [CG],48,nan,nan,nan,nan,nan
Myanmar,Réunion [RE],1,nan,nan,nan,nan,nan
Myanmar,Romania [RO],836,nan,716,764,747,255
Myanmar,Russia [RU],4138,5487,5534,5451,5259,2094
Myanmar,Rwanda [RW],4,nan,135,17,nan,6
Myanmar,Samoa [WS],2,nan,nan,nan,nan,3
Myanmar,San Marino [SM],5,nan,51,9,8,8
Myanmar,São Tomé and Príncipe [ST],4,nan,nan,nan,nan,nan
Myanmar,Saudi Arabia [SA],141,nan,165,149,159,45
Myanmar,Senegal [SN],43,nan,57,33,45,7
Myanmar,Serbia and Montenegro [ZB],462,nan,292,310,476,147
Myanmar,Seychelles [SC],6,nan,nan,1,2,nan
Myanmar,Sierra Leone [SL],24,nan,46,11,9,4
Myanmar,Singapore [SG],45125,50198,61859,58657,57890,8762
Myanmar,Slovak Republic [SK],625,nan,669,747,737,226
Myanmar,Slovenia [SI],381,nan,426,345,377,143
Myanmar,Solomon Islands [SB],5,nan,16,2,nan,nan
Myanmar,South Africa [ZA],1206,nan,2155,1041,1472,341
Myanmar,Spain [ES],9158,12765,13558,11315,13689,2182
Myanmar,Sri Lanka [LK],3155,nan,4318,5050,5729,741
Myanmar,St. Kitts and Nevis [KN],9,nan,8,8,7,3
Myanmar,St. Lucia [LC],7,nan,nan,nan,12,1
Myanmar,St. Vincent and the Grenadines [VC],3,nan,nan,nan,nan,1
Myanmar,Sudan [SD],49,nan,491,52,95,49
Myanmar,Suriname [SR],2,nan,nan,1,3,1
Myanmar,Swaziland [SZ],9,nan,6058,1287,38,523
Myanmar,Sweden [SE],4245,nan,4035,3196,2895,681
Myanmar,Switzerland [CH],12293,13897,7636,5938,9267,2877
Myanmar,Syria [SY],42,nan,32,58,45,21
Myanmar,Taiwan Province of China [TW],31735,36118,36499,35685,39374,7306
Myanmar,Tajikistan [TJ],22,nan,34,57,100,20
Myanmar,Thailand [TH],1604212,243443,1524516,1719350,1924581,457149
Myanmar,The Bahamas [BS],1,nan,nan,nan,16,2
Myanmar,The Gambia [GM],1,nan,13,14,11,3
Myanmar,Timor-Leste [TL],69,nan,99,89,92,nan
Myanmar,Togo [TG],16,nan,45,10,nan,5
Myanmar,Tonga [TO],nan,nan,nan,nan,nan,1
Myanmar,Trinidad and Tobago [TT],67,nan,38,nan,47,15
Myanmar,Tunisia [TN],96,nan,57,31,40,26
Myanmar,Turkey [TR],1641,nan,1447,975,1078,289
Myanmar,Turkmenistan [TM],53,nan,47,101,119,13
Myanmar,Ukraine [UA],966,nan,1280,1302,1373,606
Myanmar,United Arab Emirates [AE],23,nan,43,59,50,1
Myanmar,United Kingdom [GB],45120,51051,47717,36363,34085,9317
Myanmar,United States [US],69815,76502,73085,65057,66757,15030
Myanmar,Uruguay [UY],94,nan,122,127,170,43
Myanmar,Uzbekistan [UZ],200,nan,217,123,164,29
Myanmar,Vanuatu [VU],25,nan,35,92,27,8
Myanmar,Venezuela [VE],173,nan,218,131,107,17
Myanmar,Viet Nam [VN],31150,48869,58919,53329,52567,9825
Myanmar,Yemen [YE],10,nan,9,9,15,8
Philippines,Total Intra-ASEAN,481567,461698,488346,530309,526832,83344
Philippines,Total Country (World),5360682,5967005,6620908,7127678,8260913,1482535
Philippines,Total EU-27,292723,341423,370666,410038,461278,112194
Philippines,Total EU-28,447312,514722,553374,611077,670484,nan
Philippines,Andorra [AD],329,364,357,273,25,8
Philippines,Argentina [AR],1745,2369,3157,3468,3643,1432
Philippines,Australia [AU],241187,251098,259433,279821,286170,55330
Philippines,Austria [AT],12267,13087,13524,14192,14840,3875
Philippines,Bahrain [BH],3562,3689,3795,3638,3296,1094
Philippines,Bangladesh [BD],4664,4516,4591,5495,6630,1217
Philippines,Belgium [BE],12825,14477,15703,17283,19156,3756
Philippines,Brazil [BR],3495,4520,6114,7362,10035,2750
Philippines,Brunei Darussalam [BN],9015,8211,8679,9533,8126,1037
Philippines,Cambodia [KH],3503,3526,4712,4154,5988,942
Philippines,Canada [CA],156363,175631,200640,226429,238850,55273
Philippines,China [CN],490841,675663,968447,1255258,1743309,170432
Philippines,Colombia [CO],1228,1431,1747,2389,3386,722
Philippines,Denmark [DK],15269,18049,18445,17877,18535,4848
Philippines,Egypt [EG],1630,1985,2000,2155,3210,1213
Philippines,Finland [FI],6548,6318,6958,7216,8420,2135
Philippines,France [FR],45505,55384,64777,74389,88577,24530
Philippines,Germany [DE],75348,86363,85431,92090,103756,25893
Philippines,Greece [GR],2386,2483,3165,3453,3849,1325
Philippines,Guam [GU],35262,38777,36637,32357,19835,2882
Philippines,Hong Kong SAR [HK],122180,116328,111135,117984,91653,12444
Philippines,India [IN],74824,90816,107278,121124,134963,29014
Philippines,Indonesia [ID],48178,44348,62923,76651,70819,13734
Philippines,Ireland [IE],14050,16557,18051,20051,21475,3621
Philippines,Islamic Republic of Iran [IR],2505,2720,2598,2456,2290,411
Philippines,Israel [IL],11756,16725,17446,20343,22851,4745
Philippines,Italy [IT],21620,25945,30437,35178,38951,8976
Philippines,Japan [JP],495662,535238,584180,631801,682788,136664
Philippines,Jordan [JO],677,718,745,1129,1931,397
Philippines,Korea [KR],1339678,1475081,1607821,1587959,1989322,338877
Philippines,Kuwait [KW],5440,6649,8082,6448,6309,1171
Philippines,Lao PDR [LA],1231,1173,1580,1183,1454,203
Philippines,Luxembourg [LU],687,833,722,930,837,156
Philippines,Macao SAR [MO],10160,9247,9111,9336,8429,789
Philippines,Malaysia [MY],155814,139133,143566,145242,139882,23359
Philippines,Mexico [MX],3145,2924,5744,4246,5154,983
Philippines,Myanmar [MM],7033,7442,9571,9630,13978,2877
Philippines,Nauru [NR],20,17,16,38,93,5
Philippines,Nepal [NP],2908,3449,5328,8696,6018,940
Philippines,Netherlands [NL],28632,31876,33821,37047,41313,8961
Philippines,New Zealand [NZ],20579,23431,28983,33340,37872,6883
Philippines,Nigeria [NG],1430,1489,1558,2104,3439,1042
Philippines,Norway [NO],20968,21606,21890,23571,23464,4365
Philippines,Oman [OM],nan,nan,2839,2734,2526,700
Philippines,Others Unspecified Countries [O0],271037,257991,210534,154380,171283,114314
Philippines,Pakistan [PK],4346,4256,4369,4998,5793,1340
Philippines,Papua New Guinea [PG],5910,7738,8110,8481,8828,1434
Philippines,Peru [PE],561,581,1008,1038,1660,350
Philippines,Poland [PL],8030,8893,10786,12568,15816,5429
Philippines,Portugal [PT],2206,2999,4189,5549,8113,2072
Philippines,Qatar [QA],4472,4745,4195,3781,2491,987
Philippines,Russia [RU],25278,28210,33279,29961,36111,12643
Philippines,Saudi Arabia [SA],50884,56081,54716,46966,43748,7014
Philippines,Singapore [SG],181176,176057,168637,171795,158595,19998
Philippines,South Africa [ZA],4570,5117,6471,7540,8553,2159
Philippines,Spain [ES],24144,32097,36954,44130,49748,9621
Philippines,Sri Lanka [LK],5292,5410,5343,6446,6412,1117
Philippines,Sweden [SE],23206,26062,27703,28085,27892,6996
Philippines,Switzerland [CH],27200,29420,29837,31071,29966,7094
Philippines,Taiwan Province of China [TW],177670,229303,236777,240842,327273,48644
Philippines,Thailand [TH],44038,47913,48727,59793,61292,9788
Philippines,Turkey [TR],6026,7884,8408,8615,8654,3619
Philippines,United Arab Emirates [AE],16881,17634,16399,15400,10192,2518
Philippines,United Kingdom [GB],154589,173299,182708,201039,209206,39980
Philippines,United States [US],779217,869463,957813,1034396,1064440,211816
Philippines,Venezuela [VE],221,271,257,423,702,185
Philippines,Viet Nam [VN],31579,33895,39951,52328,66698,11406
Singapore,Total Intra-ASEAN,5748155,5936364,6225114,6520966,6623930,896779
Singapore,Total Country (World),15231469,16403595,17424611,18508302,19113842,2742443
Singapore,Total EU-27,842294,886275,910505,1009161,1039138,227143
Singapore,Total EU-28,1316104,1375499,1429435,1598056,1646929,nan
Singapore,Australia [AU],1043568,1027314,1082001,1107224,1143305,206239
Singapore,Austria [AT],25108,26822,nan,nan,nan,nan
Singapore,Bangladesh [BD],122587,123343,120589,126314,136969,21897
Singapore,Belgium [BE],27579,nan,30800,34267,34459,6059
Singapore,Brunei Darussalam [BN],73594,69891,68419,74960,72603,8153
Singapore,Cambodia [KH],49672,nan,77619,98097,nan,nan
Singapore,Canada [CA],96247,98474,105214,129516,138548,26927
Singapore,China [CN],2106164,2863669,3228134,3417604,3627030,357292
Singapore,Denmark [DK],31389,31246,33986,37417,38046,9248
Singapore,Egypt [EG],4538,4426,4029,4368,5182,1006
Singapore,Finland [FI],27904,28642,31327,32580,30775,9021
Singapore,France [FR],157483,170913,175413,204769,212782,41621
Singapore,Germany [DE],286732,328765,342386,356807,380715,95563
Singapore,Greece [GR],8867,8744,nan,nan,nan,nan
Singapore,Hong Kong SAR [HK],609888,537970,465781,473124,488524,58976
Singapore,India [IN],1013986,1097200,1272077,1442277,1417931,175522
Singapore,Indonesia [ID],2731690,2893646,2954400,3021455,3110416,457696
Singapore,Ireland [IE],17347,18943,20607,22677,24691,4716
Singapore,Islamic Republic of Iran [IR],12267,22641,24885,13938,7964,1052
Singapore,Israel [IL],15743,18635,19691,22385,24296,4736
Singapore,Italy [IT],69350,74629,80428,102006,102708,19685
Singapore,Japan [JP],789179,783863,792873,829676,884304,125879
Singapore,Korea [KR],577082,566510,631363,629454,645839,89522
Singapore,Kuwait [KW],10767,11123,9465,9794,9625,1278
Singapore,Lao PDR [LA],8621,nan,11377,11417,nan,nan
Singapore,Malaysia [MY],1171077,1151584,1168384,1254022,1220664,153650
Singapore,Mauritius [MU],8739,12832,13402,14099,13096,1487
Singapore,Myanmar [MM],105452,113616,145721,145610,155985,26112
Singapore,Nepal [NP],17218,20881,nan,nan,nan,nan
Singapore,Netherlands [NL],79052,82245,86911,98332,99445,17860
Singapore,New Zealand [NZ],127618,121100,131238,137677,152995,23767
Singapore,Norway [NO],31650,29250,28993,33961,33928,7430
Singapore,Others Unspecified Countries [O0],278200,395117,438535,479029,636449,131649
Singapore,Pakistan [PK],18948,22213,23506,25330,19963,2976
Singapore,Philippines [PH],673374,691643,736500,778141,829304,97881
Singapore,Poland [PL],20847,22070,nan,nan,nan,nan
Singapore,Russia [RU],63842,70404,80134,84527,80255,28991
Singapore,Saudi Arabia [SA],16091,14520,10990,11929,15471,3494
Singapore,South Africa [ZA],32470,32834,34626,38409,42736,7326
Singapore,Spain [ES],48074,49491,60636,66884,65394,10256
Singapore,Sri Lanka [LK],93052,101905,107789,113802,98737,11753
Singapore,Sweden [SE],42562,43765,48011,53422,50123,13114
Singapore,Switzerland [CH],100849,101455,104759,102394,97970,18670
Singapore,Taiwan Province of China [TW],378026,394216,395551,422938,425624,61887
Singapore,Thailand [TH],516409,546555,531335,545650,528486,63622
Singapore,Turkey [TR],20289,23149,nan,nan,nan,nan
Singapore,United Arab Emirates [AE],78693,80234,79007,76268,81526,7457
Singapore,United Kingdom [GB],473810,489224,518930,588895,607791,133367
Singapore,United States [US],499509,516454,565430,643243,729260,123182
Singapore,Viet Nam [VN],418266,469429,531359,591614,591928,74424
Thailand,Total Intra-ASEAN,7886136,8897291,9322508,10191391,10751957,1652593
Thailand,Total Country (World),29881091,32529588,35591978,38178194,39916251,6702396
Thailand,Total EU-27,2880089,3002656,3100007,3187338,3104517,905300
Thailand,Total EU-28,3827008,3964127,4094762,4174192,4097003,nan
Thailand,Argentina [AR],28965,46390,63004,44024,29498,12457
Thailand,Australia [AU],805946,813017,817218,801203,767162,123598
Thailand,Austria [AT],97806,97989,104784,116656,111428,35524
Thailand,Bangladesh [BD],107394,103616,121765,129574,136673,21817
Thailand,Belgium [BE],106100,112140,112266,114270,114669,26254
Thailand,Brazil [BR],48522,63139,78186,66000,69714,18855
Thailand,Brunei Darussalam [BN],13833,17994,14268,14260,15608,1576
Thailand,Cambodia [KH],487487,684836,840871,948824,910685,165718
Thailand,Canada [CA],227306,222358,258494,276094,273218,58223
Thailand,China [CN],7934791,8821148,9806260,10535241,10997169,1249910
Thailand,Denmark [DK],159425,163406,161920,169373,162448,66824
Thailand,Egypt [EG],25216,24913,24100,24061,23722,3550
Thailand,Finland [FI],134731,131207,140464,140961,128014,59643
Thailand,France [FR],681097,697738,740190,749556,745318,236527
Thailand,Germany [DE],760604,825496,850139,886523,852432,230598
Thailand,Hong Kong SAR [HK],669165,690465,821064,1015749,1045283,124233
Thailand,India [IN],1069149,1076970,1415197,1598346,1995363,261778
Thailand,Indonesia [ID],469226,558499,576110,644709,709578,99033
Thailand,Israel [IL],141021,161254,173673,188788,195856,29368
Thailand,Italy [IT],246066,248903,264515,279905,272310,60104
Thailand,Japan [JP],1381690,1416903,1544442,1656101,1806383,320331
Thailand,Korea [KR],1372995,1449617,1709265,1796426,1890959,260228
Thailand,Kuwait [KW],66772,68168,72244,74665,78199,10234
Thailand,Lao PDR [LA],1233138,1414916,1682087,1664630,1854719,380917
Thailand,Malaysia [MY],3423397,3506199,3494488,4020526,4272584,619451
Thailand,Myanmar [MM],259678,363871,365606,368188,378232,54709
Thailand,Nepal [NP],32678,43170,43251,55046,60377,9816
Thailand,Netherlands [NL],221657,228443,222409,236265,241565,51558
Thailand,New Zealand [NZ],112314,99402,117962,116726,112660,15690
Thailand,Norway [NO],135347,134335,127850,128841,127983,39511
Thailand,Others Unspecified Countries [O0],1124238,1308314,1386184,1406413,1418321,350954
Thailand,Pakistan [PK],78619,71720,81854,84981,79805,12412
Thailand,Philippines [PH],310975,323860,381252,432237,506306,71796
Thailand,Russia [RU],884085,1085890,1346338,1472789,1483334,587167
Thailand,Saudi Arabia [SA],19163,33038,33531,28337,30006,4131
Thailand,Singapore [SG],937311,1163309,1032647,1069867,1056582,126879
Thailand,South Africa [ZA],75825,nan,93313,102687,96450,11359
Thailand,Spain [ES],150940,168264,179584,181880,188995,26409
Thailand,Sri Lanka [LK],75429,67876,63267,64760,71043,8155
Thailand,Sweden [SE],321663,329070,323736,311949,287338,111859
Thailand,Switzerland [CH],206454,226412,209528,207471,192126,51697
Thailand,Taiwan Province of China [TW],552624,513528,573077,687748,789973,119408
Thailand,United Arab Emirates [AE],124719,187665,137218,128270,130158,7154
Thailand,United Kingdom [GB],946919,961471,994755,986854,992486,221392
Thailand,United States [US],867520,938862,1056423,1122270,1165856,211075
Thailand,Viet Nam [VN],751091,863807,935179,1028150,1047663,132514
Viet Nam,Total Intra-ASEAN,1300839,1461172,1683524,1781327,2037257,509327
Viet Nam,Total Country (World),7943651,10012735,12922151,15497791,18008591,3686779
Viet Nam,Total EU-27,598205,701616,781232,857394,898348,237514
Viet Nam,Total EU-28,811003,956457,1064769,1155508,1213432,nan
Viet Nam,Argentina [AR],nan,nan,12310,nan,nan,nan
Viet Nam,Australia [AU],303721,320678,370438,386934,383511,92227
Viet Nam,Azerbaijan [AZ],nan,nan,367,nan,nan,nan
Viet Nam,Bangladesh [BD],nan,nan,6840,nan,nan,nan
Viet Nam,Belgium [BE],23939,26231,29144,31382,34187,7452
Viet Nam,Brazil [BR],nan,nan,17301,nan,nan,nan
Viet Nam,Brunei Darussalam [BN],nan,nan,9387,8602,nan,nan
Viet Nam,Cambodia [KH],227074,211949,222614,202954,227910,120430
Viet Nam,Canada [CA],105670,122929,138242,149535,159121,41807
Viet Nam,China [CN],1780918,2696848,4008253,4966468,5806425,871819
Viet Nam,Colombia [CO],nan,nan,5424,nan,nan,nan
Viet Nam,Democratic People's Republic of Korea [KP],nan,nan,nan,739,nan,nan
Viet Nam,Denmark [DK],28293,30996,34720,39926,42043,14444
Viet Nam,Finland [FI],15043,15953,18236,22785,21480,9994
Viet Nam,France [FR],211636,240808,255369,279659,287655,74480
Viet Nam,Germany [DE],149079,176015,199872,213986,226792,61465
Viet Nam,Hong Kong SAR [HK],nan,34613,47721,62208,51618,3780
Viet Nam,India [IN],nan,nan,109464,132371,168998,nan
Viet Nam,Indonesia [ID],62240,69653,81065,87941,106688,21446
Viet Nam,Islamic Republic of Iran [IR],nan,nan,3670,3633,nan,nan
Viet Nam,Israel [IL],nan,nan,24619,34409,nan,nan
Viet Nam,Italy [IT],40291,51265,58041,65562,70798,17774
Viet Nam,Japan [JP],671379,740592,798119,826674,951962,200346
Viet Nam,Kazakhstan [KZ],nan,nan,8273,nan,nan,nan
Viet Nam,Korea [KR],1112978,1543883,2415245,3485406,4290802,819089
Viet Nam,Lao PDR [LA],113992,137004,141588,120009,98492,36810
Viet Nam,Macao SAR [MO],nan,nan,7313,nan,nan,nan
Viet Nam,Malaysia [MY],346584,407574,480456,540119,606206,116221
Viet Nam,Mexico [MX],nan,nan,nan,12222,nan,nan
Viet Nam,Mongolia [MN],438704,nan,nan,nan,nan,nan
Viet Nam,Myanmar [MM],nan,nan,35626,34505,nan,nan
Viet Nam,Netherlands [NL],52967,64712,72277,77300,81092,18265
Viet Nam,New Zealand [NZ],31960,42588,49115,49854,47088,9470
Viet Nam,Norway [NO],21425,23110,24293,26134,28037,8958
Viet Nam,Others Unspecified Countries [O0],299075,544458,256166,381612,514324,190276
Viet Nam,Pakistan [PK],nan,nan,4592,nan,nan,nan
Viet Nam,Philippines [PH],99757,110967,133543,151641,179190,36969
Viet Nam,Qatar [QA],nan,nan,nan,241,nan,nan
Viet Nam,Russia [RU],338843,433987,574164,606637,646524,244966
Viet Nam,Saudi Arabia [SA],nan,nan,1276,nan,nan,nan
Viet Nam,Singapore [SG],236547,257041,277658,286246,308969,51726
Viet Nam,Spain [ES],44932,57957,69528,77071,83597,11783
Viet Nam,Sri Lanka [LK],nan,nan,11642,nan,nan,nan
Viet Nam,Sweden [SE],32025,37679,44045,49723,50704,21857
Viet Nam,Switzerland [CH],28750,31475,33123,34541,36577,10845
Viet Nam,Taiwan Province of China [TW],330196,507301,616232,714112,926744,192216
Viet Nam,Thailand [TH],214645,266984,301587,349310,509802,125725
Viet Nam,Turkey [TR],nan,nan,13388,nan,nan,nan
Viet Nam,United Arab Emirates [AE],nan,nan,954,nan,nan,nan
Viet Nam,United Kingdom [GB],212798,254841,283537,298114,315084,81433
Viet Nam,United States [US],368190,552644,614117,687226,746171,172706
Viet Nam,Venezuela [VE],nan,nan,1197,nan,nan,nan
