Entity,Code,Year,"Prevalence of underweight, weight for age (% of children under 5)"
Afghanistan,AFG,1997,44.900001525878906
Afghanistan,AFG,2004,32.900001525878906
Afghanistan,AFG,2013,24.600000381469727
Afghanistan,AFG,2018,19.100000381469727
Albania,ALB,1997,7.099999904632568
Albania,ALB,2000,17
Albania,ALB,2005,6.599999904632568
Albania,ALB,2009,6.300000190734863
Albania,ALB,2017,1.5
Algeria,DZA,1987,8
Algeria,DZA,1992,9.199999809265137
Algeria,DZA,1995,11.300000190734863
Algeria,DZA,2000,5.400000095367432
Algeria,DZA,2002,11.100000381469727
Algeria,DZA,2006,3.4000000953674316
Algeria,DZA,2012,3
Algeria,DZA,2019,2.700000047683716
Angola,AGO,1996,36.20000076293945
Angola,AGO,2007,15.600000381469727
Angola,AGO,2015,19
Argentina,ARG,1994,1.7000000476837158
Argentina,ARG,1996,4.699999809265137
Argentina,ARG,2005,2.299999952316284
Argentina,ARG,2019,1.7000000476837158
Armenia,ARM,1998,2.700000047683716
Armenia,ARM,2000,2.5999999046325684
Armenia,ARM,2005,4.199999809265137
Armenia,ARM,2010,5.300000190734863
Armenia,ARM,2016,2.5999999046325684
Australia,AUS,1995,0
Australia,AUS,2007,0.20000000298023224
Azerbaijan,AZE,1996,8.800000190734863
Azerbaijan,AZE,2000,14
Azerbaijan,AZE,2001,5.900000095367432
Azerbaijan,AZE,2006,8.399999618530273
Azerbaijan,AZE,2011,6.5
Azerbaijan,AZE,2013,4.900000095367432
Bahrain,BHR,1989,6.300000190734863
Bahrain,BHR,1995,7.599999904632568
Bangladesh,BGD,1986,66.80000305175781
Bangladesh,BGD,1990,61.5
Bangladesh,BGD,1991,61.20000076293945
Bangladesh,BGD,1992,60.599998474121094
Bangladesh,BGD,1993,56.099998474121094
Bangladesh,BGD,1994,58
Bangladesh,BGD,1995,55.20000076293945
Bangladesh,BGD,1996,54
Bangladesh,BGD,1997,53.599998474121094
Bangladesh,BGD,1998,50.70000076293945
Bangladesh,BGD,1999,49.5
Bangladesh,BGD,2000,42.400001525878906
Bangladesh,BGD,2001,43.20000076293945
Bangladesh,BGD,2002,41
Bangladesh,BGD,2003,38.900001525878906
Bangladesh,BGD,2004,42.79999923706055
Bangladesh,BGD,2005,37.29999923706055
Bangladesh,BGD,2006,37.900001525878906
Bangladesh,BGD,2007,41.29999923706055
Bangladesh,BGD,2011,36.70000076293945
Bangladesh,BGD,2013,35.099998474121094
Bangladesh,BGD,2014,32.79999923706055
Bangladesh,BGD,2018,21.899999618530273
Bangladesh,BGD,2019,22.600000381469727
Barbados,BRB,2012,3.5
Belarus,BLR,2005,1.2999999523162842
Belgium,BEL,2014,1
Belize,BLZ,1992,5.400000095367432
Belize,BLZ,2006,5
Belize,BLZ,2011,6.199999809265137
Belize,BLZ,2015,4.599999904632568
Benin,BEN,1996,26.200000762939453
Benin,BEN,2001,19.5
Benin,BEN,2008,17.799999237060547
Benin,BEN,2014,18
Benin,BEN,2018,16.799999237060547
Bhutan,BTN,1987,34
Bhutan,BTN,1999,14.100000381469727
Bhutan,BTN,2008,10.399999618530273
Bhutan,BTN,2010,12.699999809265137
Bolivia,BOL,1988,9.800000190734863
Bolivia,BOL,1989,7.800000190734863
Bolivia,BOL,1990,9.699999809265137
Bolivia,BOL,1991,10.199999809265137
Bolivia,BOL,1992,10.5
Bolivia,BOL,1994,11
Bolivia,BOL,1998,5.900000095367432
Bolivia,BOL,2003,5.800000190734863
Bolivia,BOL,2008,4.5
Bolivia,BOL,2012,3.5999999046325684
Bolivia,BOL,2016,3.4000000953674316
Bosnia and Herzegovina,BIH,2000,4.199999809265137
Bosnia and Herzegovina,BIH,2006,1.600000023841858
Bosnia and Herzegovina,BIH,2012,1.600000023841858
Botswana,BWA,1996,15.100000381469727
Botswana,BWA,2000,11.100000381469727
Botswana,BWA,2007,11.800000190734863
Brazil,BRA,1989,5.599999904632568
Brazil,BRA,1996,4.5
Brazil,BRA,2007,2.200000047683716
Brunei,BRN,2009,9.600000381469727
Bulgaria,BGR,2004,1.600000023841858
Bulgaria,BGR,2007,3.700000047683716
Bulgaria,BGR,2014,1.899999976158142
Burkina Faso,BFA,1993,28.700000762939453
Burkina Faso,BFA,1999,30.899999618530273
Burkina Faso,BFA,2009,26
Burkina Faso,BFA,2010,26.200000762939453
Burkina Faso,BFA,2011,25.100000381469727
Burkina Faso,BFA,2012,24.299999237060547
Burkina Faso,BFA,2013,20.899999618530273
Burkina Faso,BFA,2014,20
Burkina Faso,BFA,2015,22.799999237060547
Burkina Faso,BFA,2016,18.899999618530273
Burkina Faso,BFA,2017,16.200000762939453
Burkina Faso,BFA,2018,17.700000762939453
Burkina Faso,BFA,2019,16.399999618530273
Burundi,BDI,1987,33.599998474121094
Burundi,BDI,2000,39.099998474121094
Burundi,BDI,2005,35.20000076293945
Burundi,BDI,2010,29.100000381469727
Burundi,BDI,2016,29.299999237060547
Burundi,BDI,2018,29.600000381469727
Burundi,BDI,2019,27
Cambodia,KHM,1996,42.599998474121094
Cambodia,KHM,2000,39.70000076293945
Cambodia,KHM,2005,28.299999237060547
Cambodia,KHM,2008,28.299999237060547
Cambodia,KHM,2010,28.899999618530273
Cambodia,KHM,2014,24.100000381469727
Cameroon,CMR,1991,12.899999618530273
Cameroon,CMR,1998,17.299999237060547
Cameroon,CMR,2004,15.100000381469727
Cameroon,CMR,2006,16.5
Cameroon,CMR,2011,15.199999809265137
Cameroon,CMR,2014,14.800000190734863
Cameroon,CMR,2018,11
Cape Verde,CPV,1985,13.699999809265137
Cape Verde,CPV,1994,11.800000190734863
Central African Republic,CAF,1994,24
Central African Republic,CAF,2000,21.299999237060547
Central African Republic,CAF,2006,26.100000381469727
Central African Republic,CAF,2010,23.5
Central African Republic,CAF,2012,24.5
Central African Republic,CAF,2014,20
Central African Republic,CAF,2018,19.700000762939453
Central African Republic,CAF,2019,20.5
Chad,TCD,1997,34.29999923706055
Chad,TCD,2000,29.200000762939453
Chad,TCD,2004,33.79999923706055
Chad,TCD,2010,30.299999237060547
Chad,TCD,2015,29.399999618530273
Chad,TCD,2017,24.299999237060547
Chad,TCD,2018,24.700000762939453
Chad,TCD,2019,29.200000762939453
Chile,CHL,1986,2.200000047683716
Chile,CHL,1994,0.800000011920929
Chile,CHL,1995,0.800000011920929
Chile,CHL,1996,0.699999988079071
Chile,CHL,1998,0.699999988079071
Chile,CHL,1999,0.699999988079071
Chile,CHL,2001,0.699999988079071
Chile,CHL,2002,0.699999988079071
Chile,CHL,2003,0.6000000238418579
Chile,CHL,2004,0.6000000238418579
Chile,CHL,2006,0.6000000238418579
Chile,CHL,2007,0.6000000238418579
Chile,CHL,2008,0.5
Chile,CHL,2013,0.5
Chile,CHL,2014,0.5
China,CHN,1987,18.700000762939453
China,CHN,1990,12.600000381469727
China,CHN,1992,14.199999809265137
China,CHN,1995,10.699999809265137
China,CHN,1998,6.900000095367432
China,CHN,2000,7.400000095367432
China,CHN,2002,6.800000190734863
China,CHN,2005,4.5
China,CHN,2008,3.799999952316284
China,CHN,2009,3.4000000953674316
China,CHN,2010,3.4000000953674316
China,CHN,2013,2.4000000953674316
Colombia,COL,1986,8.899999618530273
Colombia,COL,1989,8.800000190734863
Colombia,COL,1995,6.300000190734863
Colombia,COL,2000,4.900000095367432
Colombia,COL,2005,5
Colombia,COL,2010,3.4000000953674316
Colombia,COL,2016,3.700000047683716
Comoros,COM,1992,15.199999809265137
Comoros,COM,1996,21.100000381469727
Comoros,COM,2000,25.100000381469727
Comoros,COM,2012,16.899999618530273
Congo,COG,1987,16.399999618530273
Congo,COG,2005,11.899999618530273
Congo,COG,2011,11.800000190734863
Congo,COG,2014,12.300000190734863
Costa Rica,CRI,1989,2.4000000953674316
Costa Rica,CRI,1990,2.5
Costa Rica,CRI,1991,2.200000047683716
Costa Rica,CRI,1992,2
Costa Rica,CRI,1993,2
Costa Rica,CRI,1994,1.899999976158142
Costa Rica,CRI,1996,3.799999952316284
Costa Rica,CRI,2008,1.100000023841858
Costa Rica,CRI,2018,2.9000000953674316
Cote d'Ivoire,CIV,1986,11.699999809265137
Cote d'Ivoire,CIV,1994,20.299999237060547
Cote d'Ivoire,CIV,1998,18.200000762939453
Cote d'Ivoire,CIV,2007,29.399999618530273
Cote d'Ivoire,CIV,2012,15.699999809265137
Cote d'Ivoire,CIV,2016,12.800000190734863
Cuba,CUB,2000,3.4000000953674316
Cuba,CUB,2019,2.4000000953674316
Czechia,CZE,1991,0.8999999761581421
Czechia,CZE,2001,2.0999999046325684
Democratic Republic of Congo,COD,1995,30.700000762939453
Democratic Republic of Congo,COD,2001,30.299999237060547
Democratic Republic of Congo,COD,2007,25.600000381469727
Democratic Republic of Congo,COD,2010,24.200000762939453
Democratic Republic of Congo,COD,2013,23.399999618530273
Democratic Republic of Congo,COD,2017,23.100000381469727
Djibouti,DJI,1989,20.200000762939453
Djibouti,DJI,1996,16
Djibouti,DJI,2002,24.399999618530273
Djibouti,DJI,2012,29.899999618530273
Dominican Republic,DOM,1986,8.699999809265137
Dominican Republic,DOM,1991,8.399999618530273
Dominican Republic,DOM,1996,4.699999809265137
Dominican Republic,DOM,2000,3.299999952316284
Dominican Republic,DOM,2002,4.199999809265137
Dominican Republic,DOM,2006,3.9000000953674316
Dominican Republic,DOM,2007,3.4000000953674316
Dominican Republic,DOM,2013,4
East Asia and Pacific,,2000,11.669676780700684
East Asia and Pacific,,2001,11.039840698242188
East Asia and Pacific,,2002,10.564881324768066
East Asia and Pacific,,2003,10.211190223693848
East Asia and Pacific,,2004,9.889671325683594
East Asia and Pacific,,2005,9.529016494750977
East Asia and Pacific,,2006,9.172981262207031
East Asia and Pacific,,2007,8.797929763793945
East Asia and Pacific,,2008,8.407797813415527
East Asia and Pacific,,2009,8.032174110412598
East Asia and Pacific,,2010,7.68888521194458
East Asia and Pacific,,2011,7.357483863830566
East Asia and Pacific,,2012,7.0587687492370605
East Asia and Pacific,,2013,6.786774158477783
East Asia and Pacific,,2014,6.5287885665893555
East Asia and Pacific,,2015,6.2771735191345215
East Asia and Pacific,,2016,6.047201633453369
East Asia and Pacific,,2017,5.8164777755737305
East Asia and Pacific,,2018,5.587475299835205
East Asia and Pacific,,2019,5.370944023132324
East Asia and Pacific,,2020,5.175821304321289
Ecuador,ECU,1986,14.5
Ecuador,ECU,1999,10.399999618530273
Ecuador,ECU,2004,6.699999809265137
Ecuador,ECU,2006,6.800000190734863
Ecuador,ECU,2012,6.400000095367432
Ecuador,ECU,2014,5.099999904632568
Ecuador,ECU,2019,5.199999809265137
Egypt,EGY,1988,9.399999618530273
Egypt,EGY,1991,10.5
Egypt,EGY,1992,8.199999809265137
Egypt,EGY,1995,10.800000190734863
Egypt,EGY,1998,9.399999618530273
Egypt,EGY,2003,8.699999809265137
Egypt,EGY,2005,5.400000095367432
Egypt,EGY,2008,6.800000190734863
Egypt,EGY,2014,7
El Salvador,SLV,1988,11.100000381469727
El Salvador,SLV,1993,8
El Salvador,SLV,1998,9.699999809265137
El Salvador,SLV,2003,6.099999904632568
El Salvador,SLV,2008,6.699999809265137
El Salvador,SLV,2014,5
Equatorial Guinea,GNQ,1997,13.800000190734863
Equatorial Guinea,GNQ,2000,15.699999809265137
Equatorial Guinea,GNQ,2004,10.600000381469727
Equatorial Guinea,GNQ,2011,5.599999904632568
Eritrea,ERI,1993,36.900001525878906
Eritrea,ERI,1995,39.599998474121094
Eritrea,ERI,2002,34.29999923706055
Eritrea,ERI,2010,39.400001525878906
Estonia,EST,2014,0.4000000059604645
Eswatini,SWZ,2000,9.100000381469727
Eswatini,SWZ,2006,6
Eswatini,SWZ,2008,7.300000190734863
Eswatini,SWZ,2010,5.900000095367432
Eswatini,SWZ,2014,5.800000190734863
Ethiopia,ETH,1992,41.900001525878906
Ethiopia,ETH,2000,41.79999923706055
Ethiopia,ETH,2005,34.29999923706055
Ethiopia,ETH,2011,29.200000762939453
Ethiopia,ETH,2014,26.5
Ethiopia,ETH,2016,23.5
Ethiopia,ETH,2019,21.100000381469727
Fiji,FJI,1993,6.900000095367432
Fiji,FJI,2004,5.300000190734863
Gabon,GAB,2000,9
Gabon,GAB,2012,6.400000095367432
Gambia,GMB,1996,23.200000762939453
Gambia,GMB,2000,15.399999618530273
Gambia,GMB,2006,15.800000190734863
Gambia,GMB,2010,17.399999618530273
Gambia,GMB,2012,17.899999618530273
Gambia,GMB,2013,16.5
Gambia,GMB,2018,10.300000190734863
Gambia,GMB,2020,11.600000381469727
Georgia,GEO,1999,2.700000047683716
Georgia,GEO,2005,2.4000000953674316
Georgia,GEO,2009,1.100000023841858
Georgia,GEO,2018,2.0999999046325684
Germany,DEU,2004,1.100000023841858
Germany,DEU,2016,0.5
Ghana,GHA,1988,24.799999237060547
Ghana,GHA,1993,25.799999237060547
Ghana,GHA,1997,22.200000762939453
Ghana,GHA,1998,20.100000381469727
Ghana,GHA,2003,19
Ghana,GHA,2006,13.899999618530273
Ghana,GHA,2008,14.399999618530273
Ghana,GHA,2011,13.399999618530273
Ghana,GHA,2014,11.199999809265137
Ghana,GHA,2017,12.600000381469727
Greece,GRC,2003,0.20000000298023224
Guatemala,GTM,1987,27.899999618530273
Guatemala,GTM,1995,21.700000762939453
Guatemala,GTM,1999,20.299999237060547
Guatemala,GTM,2000,18.799999237060547
Guatemala,GTM,2002,18.200000762939453
Guatemala,GTM,2009,14.100000381469727
Guatemala,GTM,2015,12.399999618530273
Guinea,GIN,1994,21.200000762939453
Guinea,GIN,1999,20
Guinea,GIN,2005,22.700000762939453
Guinea,GIN,2007,16.399999618530273
Guinea,GIN,2012,18.799999237060547
Guinea,GIN,2016,18.299999237060547
Guinea,GIN,2018,16.299999237060547
Guinea-Bissau,GNB,2000,19.799999237060547
Guinea-Bissau,GNB,2010,18
Guinea-Bissau,GNB,2012,17
Guinea-Bissau,GNB,2014,17
Guinea-Bissau,GNB,2019,18.799999237060547
Guyana,GUY,1993,13.199999809265137
Guyana,GUY,1997,10.300000190734863
Guyana,GUY,2000,11.899999618530273
Guyana,GUY,2006,10.800000190734863
Guyana,GUY,2009,11
Guyana,GUY,2014,8.199999809265137
Haiti,HTI,1990,23.700000762939453
Haiti,HTI,1994,23.799999237060547
Haiti,HTI,2000,13.899999618530273
Haiti,HTI,2006,18.899999618530273
Haiti,HTI,2012,11.600000381469727
Haiti,HTI,2017,9.5
High income,,2000,1.3032156229019165
High income,,2001,1.2791162729263306
High income,,2002,1.255456805229187
High income,,2003,1.2322295904159546
High income,,2004,1.2094268798828125
High income,,2005,1.18704092502594
High income,,2006,1.1650645732879639
High income,,2007,1.1434903144836426
High income,,2008,1.122310996055603
High income,,2009,1.1015195846557617
High income,,2010,1.0811091661453247
High income,,2011,1.0610729455947876
High income,,2012,1.0414040088653564
High income,,2013,1.022096037864685
High income,,2014,1.0031423568725586
High income,,2015,0.9845365881919861
High income,,2016,0.9662725925445557
High income,,2017,0.9483442306518555
High income,,2018,0.9307453036308289
High income,,2019,0.9134699702262878
High income,,2020,0.8965123891830444
Honduras,HND,1987,18.100000381469727
Honduras,HND,1991,15
Honduras,HND,1994,16.100000381469727
Honduras,HND,1996,17.899999618530273
Honduras,HND,2001,12.800000190734863
Honduras,HND,2006,8.699999809265137
Honduras,HND,2012,7.099999904632568
India,IND,1989,55.5
India,IND,1991,52.79999923706055
India,IND,1992,51.20000076293945
India,IND,1997,38.400001525878906
India,IND,1999,46.29999923706055
India,IND,2006,43.5
India,IND,2014,29.399999618530273
India,IND,2015,36.29999923706055
India,IND,2017,33.400001525878906
Indonesia,IDN,1987,35.900001525878906
Indonesia,IDN,1989,31
Indonesia,IDN,1992,29.799999237060547
Indonesia,IDN,1996,30.299999237060547
Indonesia,IDN,1998,25.799999237060547
Indonesia,IDN,1999,22.799999237060547
Indonesia,IDN,2000,24.799999237060547
Indonesia,IDN,2001,23.399999618530273
Indonesia,IDN,2002,23
Indonesia,IDN,2003,23.100000381469727
Indonesia,IDN,2004,19.700000762939453
Indonesia,IDN,2005,24.399999618530273
Indonesia,IDN,2007,19.600000381469727
Indonesia,IDN,2010,18.600000381469727
Indonesia,IDN,2013,19.899999618530273
Indonesia,IDN,2018,17.700000762939453
Iran,IRN,1995,13.800000190734863
Iran,IRN,1998,9.5
Iran,IRN,2004,4.599999904632568
Iran,IRN,2010,4.099999904632568
Iraq,IRQ,1991,10.399999618530273
Iraq,IRQ,2000,12.800000190734863
Iraq,IRQ,2003,10.100000381469727
Iraq,IRQ,2004,8
Iraq,IRQ,2006,7.099999904632568
Iraq,IRQ,2011,7.199999809265137
Iraq,IRQ,2018,3.9000000953674316
Jamaica,JAM,1989,5.800000190734863
Jamaica,JAM,1991,5.599999904632568
Jamaica,JAM,1992,5.699999809265137
Jamaica,JAM,1994,4.599999904632568
Jamaica,JAM,1995,4.800000190734863
Jamaica,JAM,1996,5.599999904632568
Jamaica,JAM,1997,3.5
Jamaica,JAM,1998,3.799999952316284
Jamaica,JAM,1999,2.0999999046325684
Jamaica,JAM,2000,3.9000000953674316
Jamaica,JAM,2001,4
Jamaica,JAM,2002,2.700000047683716
Jamaica,JAM,2004,3.0999999046325684
Jamaica,JAM,2006,4.800000190734863
Jamaica,JAM,2007,1.7999999523162842
Jamaica,JAM,2008,2.4000000953674316
Jamaica,JAM,2010,3.4000000953674316
Jamaica,JAM,2012,2.700000047683716
Jamaica,JAM,2014,2.200000047683716
Jamaica,JAM,2016,4.400000095367432
Japan,JPN,2010,3.4000000953674316
Jordan,JOR,1990,5.099999904632568
Jordan,JOR,1997,3.799999952316284
Jordan,JOR,2002,3.700000047683716
Jordan,JOR,2009,1.899999976158142
Jordan,JOR,2012,3
Kazakhstan,KAZ,1995,4.400000095367432
Kazakhstan,KAZ,1999,3.799999952316284
Kazakhstan,KAZ,2006,4.900000095367432
Kazakhstan,KAZ,2010,3.700000047683716
Kazakhstan,KAZ,2015,2
Kenya,KEN,1993,19.399999618530273
Kenya,KEN,1994,17.899999618530273
Kenya,KEN,1998,17.5
Kenya,KEN,2000,17.100000381469727
Kenya,KEN,2003,16.399999618530273
Kenya,KEN,2005,18
Kenya,KEN,2008,16.5
Kenya,KEN,2011,12.699999809265137
Kenya,KEN,2014,11.199999809265137
Kiribati,KIR,1985,11.300000190734863
Kiribati,KIR,2009,15.100000381469727
Kiribati,KIR,2018,6.900000095367432
Kuwait,KWT,1996,1.5
Kuwait,KWT,2001,2.200000047683716
Kuwait,KWT,2002,2.0999999046325684
Kuwait,KWT,2003,2.299999952316284
Kuwait,KWT,2004,2.799999952316284
Kuwait,KWT,2005,2.700000047683716
Kuwait,KWT,2006,2.700000047683716
Kuwait,KWT,2007,2.9000000953674316
Kuwait,KWT,2008,2.299999952316284
Kuwait,KWT,2009,1.7000000476837158
Kuwait,KWT,2010,1.7000000476837158
Kuwait,KWT,2011,2.0999999046325684
Kuwait,KWT,2012,2.200000047683716
Kuwait,KWT,2013,3.0999999046325684
Kuwait,KWT,2014,3
Kyrgyzstan,KGZ,1997,10.399999618530273
Kyrgyzstan,KGZ,2006,2.700000047683716
Kyrgyzstan,KGZ,2009,4.699999809265137
Kyrgyzstan,KGZ,2012,3.799999952316284
Kyrgyzstan,KGZ,2014,2.799999952316284
Kyrgyzstan,KGZ,2018,1.7999999523162842
Laos,LAO,1993,39.79999923706055
Laos,LAO,1994,35.900001525878906
Laos,LAO,2000,35.599998474121094
Laos,LAO,2006,31.600000381469727
Laos,LAO,2011,26.600000381469727
Laos,LAO,2015,25.5
Laos,LAO,2017,21.100000381469727
Latin America and Caribbean,,2000,5.291683197021484
Latin America and Caribbean,,2001,5.11922550201416
Latin America and Caribbean,,2002,4.954301834106445
Latin America and Caribbean,,2003,4.795706272125244
Latin America and Caribbean,,2004,4.642369270324707
Latin America and Caribbean,,2005,4.493721961975098
Latin America and Caribbean,,2006,4.350776672363281
Latin America and Caribbean,,2007,4.2104878425598145
Latin America and Caribbean,,2008,4.073437213897705
Latin America and Caribbean,,2009,3.9404726028442383
Latin America and Caribbean,,2010,3.8120458126068115
Latin America and Caribbean,,2011,3.6872105598449707
Latin America and Caribbean,,2012,3.5666682720184326
Latin America and Caribbean,,2013,3.450098752975464
Latin America and Caribbean,,2014,3.3369221687316895
Latin America and Caribbean,,2015,3.226825714111328
Latin America and Caribbean,,2016,3.1204276084899902
Latin America and Caribbean,,2017,3.0165414810180664
Latin America and Caribbean,,2018,2.9154484272003174
Latin America and Caribbean,,2019,2.8176355361938477
Latin America and Caribbean,,2020,2.7233359813690186
Lebanon,LBN,1996,3.5
Lebanon,LBN,2004,4.199999809265137
Lesotho,LSO,1992,13.800000190734863
Lesotho,LSO,1993,18.899999618530273
Lesotho,LSO,2004,16.600000381469727
Lesotho,LSO,2009,13.399999618530273
Lesotho,LSO,2014,10.5
Lesotho,LSO,2018,10.5
Liberia,LBR,2000,22.799999237060547
Liberia,LBR,2007,20.399999618530273
Liberia,LBR,2010,16.600000381469727
Liberia,LBR,2013,15.300000190734863
Liberia,LBR,2016,13.600000381469727
Liberia,LBR,2019,10.899999618530273
Libya,LBY,1995,4.199999809265137
Libya,LBY,2007,5.599999904632568
Libya,LBY,2014,11.699999809265137
Low and middle income,,2000,22.524324417114258
Low and middle income,,2001,21.9090576171875
Low and middle income,,2002,21.408496856689453
Low and middle income,,2003,20.99207305908203
Low and middle income,,2004,20.586666107177734
Low and middle income,,2005,20.142730712890625
Low and middle income,,2006,19.70233917236328
Low and middle income,,2007,19.23980712890625
Low and middle income,,2008,18.756431579589844
Low and middle income,,2009,18.270790100097656
Low and middle income,,2010,17.79640007019043
Low and middle income,,2011,17.337629318237305
Low and middle income,,2012,16.870479583740234
Low and middle income,,2013,16.40810203552246
Low and middle income,,2014,15.963631629943848
Low and middle income,,2015,15.546844482421875
Low and middle income,,2016,15.134832382202148
Low and middle income,,2017,14.761918067932129
Low and middle income,,2018,14.420994758605957
Low and middle income,,2019,14.097908973693848
Low and middle income,,2020,13.782318115234375
Low income,,2000,28.64889144897461
Low income,,2001,28.094289779663086
Low income,,2002,27.546279907226562
Low income,,2003,27.00494384765625
Low income,,2004,26.470359802246094
Low income,,2005,25.942598342895508
Low income,,2006,25.421720504760742
Low income,,2007,24.90778350830078
Low income,,2008,24.400836944580078
Low income,,2009,23.900924682617188
Low income,,2010,23.408082962036133
Low income,,2011,22.92234230041504
Low income,,2012,22.443729400634766
Low income,,2013,21.972259521484375
Low income,,2014,21.507946014404297
Low income,,2015,21.050798416137695
Low income,,2016,20.60081672668457
Low income,,2017,20.15799903869629
Low income,,2018,19.722333908081055
Low income,,2019,19.29380989074707
Low income,,2020,18.872407913208008
Lower middle income,,2000,31.66676902770996
Lower middle income,,2001,30.966766357421875
Lower middle income,,2002,30.275381088256836
Lower middle income,,2003,29.592815399169922
Lower middle income,,2004,28.91925621032715
Lower middle income,,2005,28.254873275756836
Lower middle income,,2006,27.599828720092773
Lower middle income,,2007,26.954265594482422
Lower middle income,,2008,26.31831169128418
Lower middle income,,2009,25.692087173461914
Lower middle income,,2010,25.0756893157959
Lower middle income,,2011,24.46921157836914
Lower middle income,,2012,23.87272834777832
Lower middle income,,2013,23.28630256652832
Lower middle income,,2014,22.709985733032227
Lower middle income,,2015,22.143814086914062
Lower middle income,,2016,21.587814331054688
Lower middle income,,2017,21.042003631591797
Lower middle income,,2018,20.50638198852539
Lower middle income,,2019,19.980945587158203
Lower middle income,,2020,19.465675354003906
Madagascar,MDG,1992,35.20000076293945
Madagascar,MDG,1993,40.900001525878906
Madagascar,MDG,1995,30.399999618530273
Madagascar,MDG,1997,38
Madagascar,MDG,2004,36.70000076293945
Madagascar,MDG,2012,32.599998474121094
Madagascar,MDG,2018,26.399999618530273
Malawi,MWI,1992,24.399999618530273
Malawi,MWI,1995,26.5
Malawi,MWI,1998,24.5
Malawi,MWI,2000,21.5
Malawi,MWI,2002,21.700000762939453
Malawi,MWI,2004,18.600000381469727
Malawi,MWI,2006,15.600000381469727
Malawi,MWI,2009,12.100000381469727
Malawi,MWI,2010,13.899999618530273
Malawi,MWI,2014,16.700000762939453
Malawi,MWI,2015,11.800000190734863
Malawi,MWI,2016,15
Malawi,MWI,2017,12.600000381469727
Malawi,MWI,2018,11.800000190734863
Malawi,MWI,2019,9
Malaysia,MYS,1990,22.100000381469727
Malaysia,MYS,1991,23.100000381469727
Malaysia,MYS,1992,22.600000381469727
Malaysia,MYS,1993,20.5
Malaysia,MYS,1994,19.700000762939453
Malaysia,MYS,1995,17.700000762939453
Malaysia,MYS,1999,16.700000762939453
Malaysia,MYS,2006,12.699999809265137
Malaysia,MYS,2015,12.399999618530273
Malaysia,MYS,2016,13.699999809265137
Malaysia,MYS,2019,14.100000381469727
Maldives,MDV,1994,32.5
Maldives,MDV,1995,39
Maldives,MDV,1997,36.70000076293945
Maldives,MDV,2001,25.700000762939453
Maldives,MDV,2009,17.700000762939453
Maldives,MDV,2017,14.800000190734863
Mali,MLI,1987,28.600000381469727
Mali,MLI,1996,37.70000076293945
Mali,MLI,2001,30
Mali,MLI,2006,27.899999618530273
Mali,MLI,2010,18.899999618530273
Mali,MLI,2011,20
Mali,MLI,2014,24.100000381469727
Mali,MLI,2015,25
Mali,MLI,2016,20.200000762939453
Mali,MLI,2017,17.100000381469727
Mali,MLI,2018,18.600000381469727
Mali,MLI,2019,18.100000381469727
Marshall Islands,MHL,2017,11.899999618530273
Mauritania,MRT,1996,20.299999237060547
Mauritania,MRT,2000,29.700000762939453
Mauritania,MRT,2007,25.5
Mauritania,MRT,2008,16.5
Mauritania,MRT,2011,24.399999618530273
Mauritania,MRT,2012,20.399999618530273
Mauritania,MRT,2015,24.899999618530273
Mauritania,MRT,2018,19.200000762939453
Mauritius,MUS,1985,21.100000381469727
Mauritius,MUS,1995,13
Mexico,MEX,1988,10.899999618530273
Mexico,MEX,1989,9.600000381469727
Mexico,MEX,1996,10.300000190734863
Mexico,MEX,1998,5.599999904632568
Mexico,MEX,2006,3.4000000953674316
Mexico,MEX,2012,2.799999952316284
Mexico,MEX,2015,3.9000000953674316
Mexico,MEX,2016,4.199999809265137
Mexico,MEX,2019,4.699999809265137
Middle East and North Africa,,2000,8.705559730529785
Middle East and North Africa,,2001,8.446833610534668
Middle East and North Africa,,2002,8.195107460021973
Middle East and North Africa,,2003,7.950231075286865
Middle East and North Africa,,2004,7.712057113647461
Middle East and North Africa,,2005,7.480438709259033
Middle East and North Africa,,2006,7.255229473114014
Middle East and North Africa,,2007,7.036284923553467
Middle East and North Africa,,2008,6.823461532592773
Middle East and North Africa,,2009,6.616617202758789
Middle East and North Africa,,2010,6.415611267089844
Middle East and North Africa,,2011,6.2203049659729
Middle East and North Africa,,2012,6.030561447143555
Middle East and North Africa,,2013,5.846244812011719
Middle East and North Africa,,2014,5.667221546173096
Middle East and North Africa,,2015,5.49336051940918
Middle East and North Africa,,2016,5.324532508850098
Middle East and North Africa,,2017,5.160609722137451
Middle East and North Africa,,2018,5.001466751098633
Middle East and North Africa,,2019,4.846980571746826
Middle East and North Africa,,2020,4.697030544281006
Middle income,,2000,21.612621307373047
Middle income,,2001,20.97369956970215
Middle income,,2002,20.459775924682617
Middle income,,2003,20.03763198852539
Middle income,,2004,19.62792205810547
Middle income,,2005,19.176166534423828
Middle income,,2006,18.72846221923828
Middle income,,2007,18.256711959838867
Middle income,,2008,17.762048721313477
Middle income,,2009,17.264822006225586
Middle income,,2010,16.780149459838867
Middle income,,2011,16.313207626342773
Middle income,,2012,15.836109161376953
Middle income,,2013,15.363728523254395
Middle income,,2014,14.91060733795166
Middle income,,2015,14.487338066101074
Middle income,,2016,14.067201614379883
Middle income,,2017,13.691691398620605
Middle income,,2018,13.35217571258545
Middle income,,2019,13.031818389892578
Middle income,,2020,12.718246459960938
Moldova,MDA,2005,3.200000047683716
Moldova,MDA,2012,2.200000047683716
Mongolia,MNG,1992,11.800000190734863
Mongolia,MNG,1999,10.800000190734863
Mongolia,MNG,2000,11.600000381469727
Mongolia,MNG,2004,4.800000190734863
Mongolia,MNG,2005,5.300000190734863
Mongolia,MNG,2010,3.299999952316284
Mongolia,MNG,2013,1.600000023841858
Mongolia,MNG,2016,0.800000011920929
Mongolia,MNG,2018,1.7999999523162842
Montenegro,MNE,2005,2.200000047683716
Montenegro,MNE,2013,1
Montenegro,MNE,2018,3.700000047683716
Morocco,MAR,1987,10.399999618530273
Morocco,MAR,1992,8.100000381469727
Morocco,MAR,1997,7.699999809265137
Morocco,MAR,2003,9.800000190734863
Morocco,MAR,2011,2.9000000953674316
Morocco,MAR,2017,2.5999999046325684
Mozambique,MOZ,1995,23.899999618530273
Mozambique,MOZ,1997,26.299999237060547
Mozambique,MOZ,2001,24.5
Mozambique,MOZ,2003,21.200000762939453
Mozambique,MOZ,2008,18.200000762939453
Mozambique,MOZ,2011,15.600000381469727
Mozambique,MOZ,2015,15.600000381469727
Myanmar,MMR,1990,32.5
Myanmar,MMR,1991,37
Myanmar,MMR,1994,31.200000762939453
Myanmar,MMR,1995,38.70000076293945
Myanmar,MMR,1997,28.100000381469727
Myanmar,MMR,2000,30
Myanmar,MMR,2003,29.200000762939453
Myanmar,MMR,2009,22.600000381469727
Myanmar,MMR,2016,18.5
Myanmar,MMR,2018,19.100000381469727
Namibia,NAM,1992,21.399999618530273
Namibia,NAM,2000,20.200000762939453
Namibia,NAM,2007,17.399999618530273
Namibia,NAM,2013,13.199999809265137
Nauru,NRU,2007,4.800000190734863
Nepal,NPL,1995,42.599998474121094
Nepal,NPL,1996,47.099998474121094
Nepal,NPL,1998,38.20000076293945
Nepal,NPL,2001,42.79999923706055
Nepal,NPL,2006,38.599998474121094
Nepal,NPL,2011,28.899999618530273
Nepal,NPL,2014,29.700000762939453
Nepal,NPL,2016,27.299999237060547
Nepal,NPL,2019,24.399999618530273
Netherlands,NLD,1996,1.100000023841858
Netherlands,NLD,2009,1
Nicaragua,NIC,1993,9.600000381469727
Nicaragua,NIC,1998,10.300000190734863
Nicaragua,NIC,2001,7.699999809265137
Nicaragua,NIC,2004,4.300000190734863
Nicaragua,NIC,2007,5.699999809265137
Nicaragua,NIC,2012,4.599999904632568
Niger,NER,1985,45
Niger,NER,1992,38.70000076293945
Niger,NER,1998,46.900001525878906
Niger,NER,2000,43.099998474121094
Niger,NER,2006,35.599998474121094
Niger,NER,2007,37.900001525878906
Niger,NER,2008,34.599998474121094
Niger,NER,2009,33.5
Niger,NER,2010,40
Niger,NER,2011,38.400001525878906
Niger,NER,2012,32.099998474121094
Niger,NER,2013,33.099998474121094
Niger,NER,2014,34.599998474121094
Niger,NER,2015,35.79999923706055
Niger,NER,2016,32
Niger,NER,2018,37.5
Niger,NER,2019,31.299999237060547
Nigeria,NGA,1990,33.099998474121094
Nigeria,NGA,1993,35.099998474121094
Nigeria,NGA,2003,26.700000762939453
Nigeria,NGA,2011,24.200000762939453
Nigeria,NGA,2014,20.600000381469727
Nigeria,NGA,2015,19.5
Nigeria,NGA,2016,31.5
Nigeria,NGA,2018,21.799999237060547
Nigeria,NGA,2020,18.399999618530273
North America,,2000,0.8904879093170166
North America,,2001,0.8779405355453491
North America,,2002,0.8655683994293213
North America,,2003,0.8533691167831421
North America,,2004,0.8413403034210205
North America,,2005,0.8294796943664551
North America,,2006,0.81778484582901
North America,,2007,0.8062535524368286
North America,,2008,0.7948835492134094
North America,,2009,0.7836726307868958
North America,,2010,0.7726185917854309
North America,,2011,0.761719286441803
North America,,2012,0.7509725689888
North America,,2013,0.740376353263855
North America,,2014,0.7299284934997559
North America,,2015,0.7196270823478699
North America,,2016,0.7094699740409851
North America,,2017,0.699455201625824
North America,,2018,0.6895808577537537
North America,,2019,0.6798449158668518
North America,,2020,0.6702455282211304
North Korea,PRK,1998,55.5
North Korea,PRK,2000,24.700000762939453
North Korea,PRK,2002,17.799999237060547
North Korea,PRK,2004,20.600000381469727
North Korea,PRK,2009,18.799999237060547
North Korea,PRK,2012,15.199999809265137
North Korea,PRK,2017,9.300000190734863
North Macedonia,MKD,1999,1.899999976158142
North Macedonia,MKD,2005,1.7999999523162842
North Macedonia,MKD,2011,1.2999999523162842
North Macedonia,MKD,2019,0.8999999761581421
Oman,OMN,1991,18.600000381469727
Oman,OMN,1994,10.399999618530273
Oman,OMN,1999,13
Oman,OMN,2009,8.600000381469727
Oman,OMN,2014,9.699999809265137
Oman,OMN,2017,11.199999809265137
Pakistan,PAK,1986,44.400001525878906
Pakistan,PAK,1991,38.400001525878906
Pakistan,PAK,1992,35.29999923706055
Pakistan,PAK,1995,34.20000076293945
Pakistan,PAK,2001,31.200000762939453
Pakistan,PAK,2011,31.399999618530273
Pakistan,PAK,2013,31.799999237060547
Pakistan,PAK,2018,23.100000381469727
Palestine,PSE,1996,2.5
Palestine,PSE,2000,2.200000047683716
Palestine,PSE,2004,3.299999952316284
Palestine,PSE,2006,2.5999999046325684
Palestine,PSE,2010,3.700000047683716
Palestine,PSE,2014,1.399999976158142
Palestine,PSE,2020,2.0999999046325684
Panama,PAN,1997,5
Panama,PAN,2003,5.300000190734863
Panama,PAN,2008,3.9000000953674316
Panama,PAN,2019,3
Papua New Guinea,PNG,1983,22.799999237060547
Papua New Guinea,PNG,2005,18.100000381469727
Papua New Guinea,PNG,2010,27.799999237060547
Paraguay,PRY,1990,2.799999952316284
Paraguay,PRY,2005,3.4000000953674316
Paraguay,PRY,2012,2.5999999046325684
Paraguay,PRY,2016,1.2999999523162842
Peru,PER,1991,8.800000190734863
Peru,PER,1996,5.699999809265137
Peru,PER,2000,5.199999809265137
Peru,PER,2005,5.400000095367432
Peru,PER,2007,4.300000190734863
Peru,PER,2009,4.300000190734863
Peru,PER,2010,4.300000190734863
Peru,PER,2011,4.199999809265137
Peru,PER,2012,3.4000000953674316
Peru,PER,2013,3.5999999046325684
Peru,PER,2014,3.200000047683716
Peru,PER,2015,3.4000000953674316
Peru,PER,2016,3.200000047683716
Peru,PER,2017,3.200000047683716
Peru,PER,2018,2.5999999046325684
Peru,PER,2019,2.4000000953674316
Philippines,PHL,1987,29.299999237060547
Philippines,PHL,1990,29.899999618530273
Philippines,PHL,1992,29.799999237060547
Philippines,PHL,1993,26.299999237060547
Philippines,PHL,1998,28.299999237060547
Philippines,PHL,2003,20.700000762939453
Philippines,PHL,2008,20.600000381469727
Philippines,PHL,2011,20.200000762939453
Philippines,PHL,2013,19.899999618530273
Philippines,PHL,2015,21.399999618530273
Philippines,PHL,2018,19.100000381469727
Poland,POL,2011,0.699999988079071
Portugal,PRT,2016,0.4000000059604645
Qatar,QAT,1995,4.800000190734863
Romania,ROU,1991,5
Romania,ROU,1999,3.4000000953674316
Romania,ROU,2000,3.700000047683716
Romania,ROU,2001,3.799999952316284
Romania,ROU,2002,3.5
Rwanda,RWA,1992,24.200000762939453
Rwanda,RWA,1996,22.600000381469727
Rwanda,RWA,2000,20.299999237060547
Rwanda,RWA,2005,17.899999618530273
Rwanda,RWA,2009,14.300000190734863
Rwanda,RWA,2010,11.699999809265137
Rwanda,RWA,2012,12
Rwanda,RWA,2015,8.899999618530273
Rwanda,RWA,2018,12.600000381469727
Rwanda,RWA,2020,7.699999809265137
Saint Lucia,LCA,2012,2.799999952316284
Samoa,WSM,1999,1.7000000476837158
Samoa,WSM,2014,3.200000047683716
Samoa,WSM,2019,3.4000000953674316
Sao Tome and Principe,STP,1986,14.5
Sao Tome and Principe,STP,2014,8.800000190734863
Sao Tome and Principe,STP,2019,5.400000095367432
Saudi Arabia,SAU,1994,13.5
Saudi Arabia,SAU,2004,5.300000190734863
Senegal,SEN,1986,17
Senegal,SEN,1991,20.399999618530273
Senegal,SEN,1993,19
Senegal,SEN,1996,19.600000381469727
Senegal,SEN,2000,17.799999237060547
Senegal,SEN,2005,14.5
Senegal,SEN,2011,18.399999618530273
Senegal,SEN,2012,14.399999618530273
Senegal,SEN,2013,16.700000762939453
Senegal,SEN,2014,12.800000190734863
Senegal,SEN,2015,16.100000381469727
Senegal,SEN,2016,13.800000190734863
Senegal,SEN,2017,14.399999618530273
Senegal,SEN,2018,15.100000381469727
Senegal,SEN,2019,14.399999618530273
Serbia,SRB,2005,1.7999999523162842
Serbia,SRB,2010,1.600000023841858
Serbia,SRB,2014,1.7999999523162842
Serbia,SRB,2019,1
Seychelles,SYC,1988,5
Seychelles,SYC,2012,3.5999999046325684
Sierra Leone,SLE,1989,23.700000762939453
Sierra Leone,SLE,1990,25.399999618530273
Sierra Leone,SLE,2000,23.399999618530273
Sierra Leone,SLE,2005,27.200000762939453
Sierra Leone,SLE,2010,18.5
Sierra Leone,SLE,2014,13
Sierra Leone,SLE,2017,13.600000381469727
Sierra Leone,SLE,2019,13.5
Singapore,SGP,2000,3.299999952316284
Solomon Islands,SLB,1989,16.299999237060547
Solomon Islands,SLB,2007,11.800000190734863
Solomon Islands,SLB,2015,16.200000762939453
Somalia,SOM,1999,22.799999237060547
Somalia,SOM,2006,32.79999923706055
Somalia,SOM,2009,22.5
South Africa,ZAF,1994,8
South Africa,ZAF,1999,9.800000190734863
South Africa,ZAF,2008,8.800000190734863
South Africa,ZAF,2015,5.099999904632568
South Africa,ZAF,2016,5.900000095367432
South Africa,ZAF,2017,5.5
South Asia,,2000,42.87318420410156
South Asia,,2001,42.03219223022461
South Asia,,2002,41.19580078125
South Asia,,2003,40.36445999145508
South Asia,,2004,39.53861999511719
South Asia,,2005,38.71870422363281
South Asia,,2006,37.90513229370117
South Asia,,2007,37.098304748535156
South Asia,,2008,36.298614501953125
South Asia,,2009,35.506431579589844
South Asia,,2010,34.722110748291016
South Asia,,2011,33.94599914550781
South Asia,,2012,33.17841720581055
South Asia,,2013,32.419673919677734
South Asia,,2014,31.67005729675293
South Asia,,2015,30.929840087890625
South Asia,,2016,30.199277877807617
South Asia,,2017,29.478607177734375
South Asia,,2018,28.76804542541504
South Asia,,2019,28.06779670715332
South Asia,,2020,27.37803840637207
South Korea,KOR,2003,0.8999999761581421
South Korea,KOR,2009,0.699999988079071
South Sudan,SSD,2006,32.5
South Sudan,SSD,2010,27.700000762939453
Sri Lanka,LKA,1987,32.79999923706055
Sri Lanka,LKA,1993,30.299999237060547
Sri Lanka,LKA,1995,29.299999237060547
Sri Lanka,LKA,2000,22.899999618530273
Sri Lanka,LKA,2007,22.100000381469727
Sri Lanka,LKA,2009,21.600000381469727
Sri Lanka,LKA,2012,26.100000381469727
Sri Lanka,LKA,2016,20.5
Sub-Saharan Africa,,2000,24.840829849243164
Sub-Saharan Africa,,2001,24.38883399963379
Sub-Saharan Africa,,2002,23.942441940307617
Sub-Saharan Africa,,2003,23.501680374145508
Sub-Saharan Africa,,2004,23.066574096679688
Sub-Saharan Africa,,2005,22.637136459350586
Sub-Saharan Africa,,2006,22.21338653564453
Sub-Saharan Africa,,2007,21.79533576965332
Sub-Saharan Africa,,2008,21.38298797607422
Sub-Saharan Africa,,2009,20.976348876953125
Sub-Saharan Africa,,2010,20.575420379638672
Sub-Saharan Africa,,2011,20.18019676208496
Sub-Saharan Africa,,2012,19.790674209594727
Sub-Saharan Africa,,2013,19.406841278076172
Sub-Saharan Africa,,2014,19.0286865234375
Sub-Saharan Africa,,2015,18.65619468688965
Sub-Saharan Africa,,2016,18.289348602294922
Sub-Saharan Africa,,2017,17.928125381469727
Sub-Saharan Africa,,2018,17.57250213623047
Sub-Saharan Africa,,2019,17.222454071044922
Sub-Saharan Africa,,2020,16.877948760986328
Sudan,SDN,2006,27
Sudan,SDN,2010,29.799999237060547
Sudan,SDN,2014,33
Suriname,SUR,2000,11.100000381469727
Suriname,SUR,2006,7.5
Suriname,SUR,2010,5.800000190734863
Suriname,SUR,2018,6.699999809265137
Syria,SYR,1993,11.5
Syria,SYR,1995,11.300000190734863
Syria,SYR,2000,6
Syria,SYR,2001,11.5
Syria,SYR,2006,10
Syria,SYR,2010,10.399999618530273
Tajikistan,TJK,2005,14.899999618530273
Tajikistan,TJK,2007,15.100000381469727
Tajikistan,TJK,2009,8.300000190734863
Tajikistan,TJK,2012,13.300000190734863
Tajikistan,TJK,2016,6.400000095367432
Tajikistan,TJK,2017,7.599999904632568
Tanzania,TZA,1991,24.799999237060547
Tanzania,TZA,1996,26.799999237060547
Tanzania,TZA,1999,25.299999237060547
Tanzania,TZA,2004,16.700000762939453
Tanzania,TZA,2009,16.399999618530273
Tanzania,TZA,2010,16.100000381469727
Tanzania,TZA,2011,14.100000381469727
Tanzania,TZA,2013,13.100000381469727
Tanzania,TZA,2014,13.399999618530273
Tanzania,TZA,2015,13.699999809265137
Tanzania,TZA,2018,14.600000381469727
Thailand,THA,1987,20.200000762939453
Thailand,THA,1993,16.299999237060547
Thailand,THA,1995,15.399999618530273
Thailand,THA,2006,7
Thailand,THA,2012,9.199999809265137
Thailand,THA,2016,6.699999809265137
Thailand,THA,2019,7.699999809265137
Timor,TLS,2002,40.599998474121094
Timor,TLS,2003,41.5
Timor,TLS,2007,49.5
Timor,TLS,2009,44.900001525878906
Timor,TLS,2013,37.5
Togo,TGO,1988,21.700000762939453
Togo,TGO,1996,16.700000762939453
Togo,TGO,1998,23.799999237060547
Togo,TGO,2008,20.5
Togo,TGO,2009,16.600000381469727
Togo,TGO,2010,15.100000381469727
Togo,TGO,2012,16.5
Togo,TGO,2014,16.100000381469727
Togo,TGO,2017,15.199999809265137
Tonga,TON,2012,1.7999999523162842
Tonga,TON,2019,0.800000011920929
Trinidad and Tobago,TTO,1987,6.199999809265137
Trinidad and Tobago,TTO,2000,4.300000190734863
Trinidad and Tobago,TTO,2011,4.900000095367432
Tunisia,TUN,1988,7.900000095367432
Tunisia,TUN,1997,3.299999952316284
Tunisia,TUN,2000,3.5
Tunisia,TUN,2006,3.299999952316284
Tunisia,TUN,2012,2.299999952316284
Tunisia,TUN,2018,1.600000023841858
Turkey,TUR,1993,8.699999809265137
Turkey,TUR,1995,9
Turkey,TUR,1998,7
Turkey,TUR,2004,3.5
Turkey,TUR,2008,1.899999976158142
Turkey,TUR,2013,2.299999952316284
Turkey,TUR,2018,1.5
Turkmenistan,TKM,2000,10.5
Turkmenistan,TKM,2006,9.199999809265137
Turkmenistan,TKM,2015,3.200000047683716
Turkmenistan,TKM,2019,3.0999999046325684
Tuvalu,TUV,2007,1.600000023841858
Uganda,UGA,1988,19.700000762939453
Uganda,UGA,1995,20.799999237060547
Uganda,UGA,2000,19.200000762939453
Uganda,UGA,2006,16.299999237060547
Uganda,UGA,2009,15.699999809265137
Uganda,UGA,2011,14.100000381469727
Uganda,UGA,2012,11.899999618530273
Uganda,UGA,2014,11.699999809265137
Uganda,UGA,2016,10.399999618530273
Ukraine,UKR,2000,4.099999904632568
United States,USA,1991,0.800000011920929
United States,USA,2000,1.100000023841858
United States,USA,2002,0.800000011920929
United States,USA,2004,1.2999999523162842
United States,USA,2006,0.699999988079071
United States,USA,2008,0.699999988079071
United States,USA,2010,1
United States,USA,2012,0.5
United States,USA,2014,0.699999988079071
United States,USA,2016,1.399999976158142
United States,USA,2018,0.4000000059604645
Upper middle income,,2000,7.735575199127197
Upper middle income,,2001,7.315683841705322
Upper middle income,,2002,6.916875839233398
Upper middle income,,2003,6.538274765014648
Upper middle income,,2004,6.179020881652832
Upper middle income,,2005,5.838274002075195
Upper middle income,,2006,5.5152130126953125
Upper middle income,,2007,5.20904016494751
Upper middle income,,2008,4.918978691101074
Upper middle income,,2009,4.644278049468994
Upper middle income,,2010,4.384210586547852
Upper middle income,,2011,4.1380743980407715
Upper middle income,,2012,3.9051923751831055
Upper middle income,,2013,3.6849124431610107
Upper middle income,,2014,3.4766085147857666
Upper middle income,,2015,3.2796785831451416
Upper middle income,,2016,3.093546152114868
Upper middle income,,2017,2.917658805847168
Upper middle income,,2018,2.7514877319335938
Upper middle income,,2019,2.5945277214050293
Upper middle income,,2020,2.446296215057373
Uruguay,URY,1987,6.5
Uruguay,URY,1999,4.699999809265137
Uruguay,URY,2002,5.400000095367432
Uruguay,URY,2003,5.099999904632568
Uruguay,URY,2004,6
Uruguay,URY,2007,4.199999809265137
Uruguay,URY,2011,4
Uruguay,URY,2013,1.2000000476837158
Uruguay,URY,2016,3.200000047683716
Uruguay,URY,2018,1.7999999523162842
Uzbekistan,UZB,1996,13.300000190734863
Uzbekistan,UZB,2002,7.400000095367432
Uzbekistan,UZB,2006,4.400000095367432
Uzbekistan,UZB,2017,2.9000000953674316
Vanuatu,VUT,1996,10.600000381469727
Vanuatu,VUT,2008,11.5
Vanuatu,VUT,2013,11.699999809265137
Venezuela,VEN,1987,3.9000000953674316
Venezuela,VEN,1990,6.699999809265137
Venezuela,VEN,1991,5.400000095367432
Venezuela,VEN,1992,4.5
Venezuela,VEN,1993,4
Venezuela,VEN,1994,3.9000000953674316
Venezuela,VEN,1995,4.099999904632568
Venezuela,VEN,1996,4.400000095367432
Venezuela,VEN,1997,4.5
Venezuela,VEN,1998,4.599999904632568
Venezuela,VEN,1999,4.099999904632568
Venezuela,VEN,2000,3.9000000953674316
Venezuela,VEN,2001,4
Venezuela,VEN,2002,4.199999809265137
Venezuela,VEN,2003,4.599999904632568
Venezuela,VEN,2004,4.5
Venezuela,VEN,2005,4.099999904632568
Venezuela,VEN,2006,3.9000000953674316
Venezuela,VEN,2007,3.700000047683716
Venezuela,VEN,2008,3.200000047683716
Venezuela,VEN,2009,2.9000000953674316
Vietnam,VNM,1988,40.70000076293945
Vietnam,VNM,1993,36.599998474121094
Vietnam,VNM,1994,40.599998474121094
Vietnam,VNM,1998,35.79999923706055
Vietnam,VNM,1999,31.100000381469727
Vietnam,VNM,2000,26.700000762939453
Vietnam,VNM,2002,23.399999618530273
Vietnam,VNM,2003,24.600000381469727
Vietnam,VNM,2004,23.799999237060547
Vietnam,VNM,2005,22.700000762939453
Vietnam,VNM,2006,22.100000381469727
Vietnam,VNM,2007,22.600000381469727
Vietnam,VNM,2008,20.200000762939453
Vietnam,VNM,2009,17.5
Vietnam,VNM,2010,11.699999809265137
Vietnam,VNM,2011,16.799999237060547
Vietnam,VNM,2012,16.200000762939453
Vietnam,VNM,2013,15.300000190734863
Vietnam,VNM,2014,14.5
Vietnam,VNM,2015,14.100000381469727
Vietnam,VNM,2016,13.800000190734863
Vietnam,VNM,2017,13.399999618530273
World,OWID_WRL,2000,20.484285354614258
World,OWID_WRL,2001,19.992881774902344
World,OWID_WRL,2002,19.57118797302246
World,OWID_WRL,2003,19.20275115966797
World,OWID_WRL,2004,18.833635330200195
World,OWID_WRL,2005,18.425701141357422
World,OWID_WRL,2006,18.011287689208984
World,OWID_WRL,2007,17.573076248168945
World,OWID_WRL,2008,17.115339279174805
World,OWID_WRL,2009,16.655920028686523
World,OWID_WRL,2010,16.205081939697266
World,OWID_WRL,2011,15.750083923339844
World,OWID_WRL,2012,15.304834365844727
World,OWID_WRL,2013,14.875663757324219
World,OWID_WRL,2014,14.471151351928711
World,OWID_WRL,2015,14.097232818603516
World,OWID_WRL,2016,13.732595443725586
World,OWID_WRL,2017,13.416058540344238
World,OWID_WRL,2018,13.13318157196045
World,OWID_WRL,2019,12.86429214477539
World,OWID_WRL,2020,12.597687721252441
Yemen,YEM,1991,29.899999618530273
Yemen,YEM,1996,34.20000076293945
Yemen,YEM,1997,43
Yemen,YEM,2003,45.29999923706055
Yemen,YEM,2005,36.70000076293945
Yemen,YEM,2011,35.5
Yemen,YEM,2013,39.900001525878906
Zambia,ZMB,1992,21.200000762939453
Zambia,ZMB,1996,19.600000381469727
Zambia,ZMB,1999,19.600000381469727
Zambia,ZMB,2002,23.200000762939453
Zambia,ZMB,2007,14.899999618530273
Zambia,ZMB,2013,14.899999618530273
Zambia,ZMB,2018,11.800000190734863
Zimbabwe,ZWE,1987,10.5
Zimbabwe,ZWE,1988,8
Zimbabwe,ZWE,1994,11.800000190734863
Zimbabwe,ZWE,1999,11.5
Zimbabwe,ZWE,2005,14
Zimbabwe,ZWE,2009,11.699999809265137
Zimbabwe,ZWE,2010,10.199999809265137
Zimbabwe,ZWE,2014,11.199999809265137
Zimbabwe,ZWE,2015,8.5
Zimbabwe,ZWE,2019,9.699999809265137